Task,Weight
Go to the gym,25
Take out the trash,11
Meal prep for the week,16
Mow the lawn,2
Buy groceries,19
Do laundry,21
Go to the gym,7
Cook dinner,11
Meal prep for the week,10
Attend a meeting,2
Attend a meeting,3
Complete computer science assignment,2
Meal prep for the week,12
Clean your room,18
Mow the lawn,10
Clean your room,11
Get out of bed,8
Clean your room,10
Go to the gym,23
Mow the lawn,19
Do laundry,24
Call a friend,9
Organize files,20
Call a friend,24
Call a friend,16
Study for exam,2
Attend a meeting,10
Study for exam,9
Meet with manager,22
Attend a meeting,14
Get out of bed,13
Pay bills,14
Complete computer science assignment,24
Pay bills,16
Pay bills,8
Clean your room,7
Take a shower,6
Clean your room,15
Take out the trash,10
Cook dinner,8
Get out of bed,22
Cook dinner,15
Do laundry,13
Attend a meeting,12
Write a y-page essay,4
Buy groceries,25
Take out the trash,11
Meet with manager,15
Mow the lawn,1
Pay bills,11
Meal prep for the week,8
Take out the trash,16
Clean your room,13
Cook dinner,3
Walk the dog,17
Go to the gym,23
Get out of bed,14
Get out of bed,16
Go to the gym,10
Organize files,0
Meal prep for the week,2
Plan a trip,20
Write a y-page essay,13
Cook dinner,12
Pay bills,18
Go to the gym,12
Complete computer science assignment,5
Clean your room,9
Go to the gym,17
Meal prep for the week,15
Get out of bed,5
Get out of bed,6
Clean your room,22
Complete computer science assignment,0
Get out of bed,2
Walk the dog,9
Go to the gym,20
Study for exam,5
Organize files,5
Call a friend,6
Mow the lawn,1
Meet with manager,4
Buy groceries,15
Call a friend,25
Study for exam,24
Organize files,14
Do laundry,9
Clean your room,23
Take out the trash,6
Meet with manager,25
Walk the dog,12
Study for exam,20
Do laundry,18
Mow the lawn,12
Meet with manager,17
Call a friend,11
Mow the lawn,24
Plan a trip,3
Cook dinner,25
Get out of bed,0
Do laundry,23
Pay bills,5
Walk the dog,19
Do laundry,16
Complete computer science assignment,12
Go to the gym,17
Take out the trash,6
Study for exam,4
Study for exam,12
Take out the trash,8
Pay bills,10
Do laundry,0
Do laundry,20
Write a y-page essay,5
Get out of bed,17
Clean your room,16
Plan a trip,19
Walk the dog,23
Do laundry,21
Meal prep for the week,2
Call a friend,24
Do laundry,20
Pay bills,0
Meal prep for the week,5
Organize files,3
Study for exam,20
Buy groceries,21
Meal prep for the week,15
Pay bills,7
Meal prep for the week,17
Write a y-page essay,14
Take a shower,18
Go to the gym,18
Write a y-page essay,0
Do laundry,14
Take out the trash,17
Organize files,5
Meet with manager,9
Get out of bed,12
Walk the dog,11
Get out of bed,1
Study for exam,22
Meal prep for the week,15
Take out the trash,13
Clean your room,7
Attend a meeting,8
Buy groceries,8
Complete computer science assignment,7
Buy groceries,18
Complete computer science assignment,24
Buy groceries,7
Take a shower,9
Do laundry,1
Cook dinner,19
Pay bills,23
Meal prep for the week,20
Complete computer science assignment,1
Walk the dog,6
Take out the trash,5
Get out of bed,21
Go to the gym,20
Call a friend,14
Write a y-page essay,5
Go to the gym,9
Clean your room,7
Study for exam,22
Do laundry,10
Mow the lawn,23
Study for exam,24
Take a shower,1
Call a friend,20
Get out of bed,22
Pay bills,5
Go to the gym,2
Study for exam,11
Get out of bed,5
Meet with manager,16
Get out of bed,7
Write a y-page essay,23
Write a y-page essay,10
Go to the gym,21
Buy groceries,22
Mow the lawn,19
Attend a meeting,12
Take out the trash,6
Meal prep for the week,22
Pay bills,5
Do laundry,19
Meal prep for the week,2
Organize files,20
Walk the dog,6
Study for exam,16
Write a y-page essay,8
Clean your room,20
Take out the trash,23
Complete computer science assignment,5
Write a y-page essay,13
Buy groceries,5
Walk the dog,23
Plan a trip,14
Mow the lawn,3
Walk the dog,25
Call a friend,14
Meet with manager,6
Call a friend,23
Walk the dog,0
Get out of bed,2
Take a shower,11
Study for exam,0
Buy groceries,25
Take a shower,2
Walk the dog,19
Go to the gym,1
Plan a trip,16
Study for exam,18
Meal prep for the week,7
Plan a trip,10
Cook dinner,22
Meal prep for the week,19
Call a friend,9
Call a friend,10
Attend a meeting,10
Cook dinner,4
Do laundry,18
Take out the trash,21
Study for exam,21
Take out the trash,13
Cook dinner,19
Take a shower,5
Pay bills,6
Organize files,21
Take a shower,7
Go to the gym,18
Do laundry,23
Write a y-page essay,17
Buy groceries,9
Organize files,21
Buy groceries,25
Write a y-page essay,15
Cook dinner,21
Cook dinner,3
Get out of bed,20
Meet with manager,25
Walk the dog,23
Attend a meeting,11
Complete computer science assignment,14
Meet with manager,0
Attend a meeting,1
Attend a meeting,10
Buy groceries,12
Get out of bed,7
Attend a meeting,25
Buy groceries,12
Pay bills,8
Do laundry,20
Take a shower,9
Meal prep for the week,21
Complete computer science assignment,1
Call a friend,0
Go to the gym,14
Buy groceries,1
Clean your room,24
Meet with manager,25
Meet with manager,8
Walk the dog,21
Write a y-page essay,8
Take a shower,23
Write a y-page essay,14
Do laundry,20
Buy groceries,23
Study for exam,16
Study for exam,18
Mow the lawn,0
Complete computer science assignment,0
Meet with manager,13
Buy groceries,10
Write a y-page essay,14
Pay bills,24
Pay bills,6
Pay bills,24
Get out of bed,20
Plan a trip,16
Write a y-page essay,17
Clean your room,20
Do laundry,11
Do laundry,2
Attend a meeting,13
Organize files,17
Get out of bed,8
Meet with manager,21
Meal prep for the week,12
Buy groceries,24
Take out the trash,8
Attend a meeting,10
Go to the gym,12
Meet with manager,5
Go to the gym,6
Organize files,15
Cook dinner,10
Study for exam,18
Clean your room,4
Pay bills,10
Write a y-page essay,1
Study for exam,24
Call a friend,14
Organize files,24
Do laundry,17
Meet with manager,6
Meal prep for the week,25
Write a y-page essay,8
Buy groceries,16
Write a y-page essay,7
Clean your room,2
Study for exam,20
Walk the dog,0
Call a friend,16
Study for exam,6
Mow the lawn,19
Call a friend,1
Cook dinner,10
Write a y-page essay,23
Pay bills,25
Plan a trip,19
Complete computer science assignment,21
Go to the gym,0
Pay bills,21
Plan a trip,12
Clean your room,2
Clean your room,18
Walk the dog,5
Clean your room,16
Take a shower,14
Clean your room,19
Mow the lawn,5
Get out of bed,16
Meet with manager,12
Take a shower,15
Mow the lawn,13
Take a shower,2
Buy groceries,1
Cook dinner,19
Mow the lawn,4
Take out the trash,19
Plan a trip,9
Call a friend,6
Meet with manager,9
Meal prep for the week,21
Take a shower,18
Meal prep for the week,15
Take out the trash,7
Write a y-page essay,3
Do laundry,25
Complete computer science assignment,23
Walk the dog,3
Call a friend,20
Attend a meeting,8
Take out the trash,4
Call a friend,3
Mow the lawn,24
Take a shower,8
Do laundry,17
Cook dinner,18
Organize files,6
Clean your room,21
Mow the lawn,25
Complete computer science assignment,17
Organize files,9
Meet with manager,5
Mow the lawn,25
Cook dinner,20
Do laundry,5
Cook dinner,11
Do laundry,9
Take out the trash,3
Buy groceries,2
Cook dinner,15
Plan a trip,8
Buy groceries,19
Organize files,3
Study for exam,5
Take out the trash,9
Plan a trip,22
Plan a trip,3
Take a shower,7
Meet with manager,25
Walk the dog,23
Call a friend,10
Study for exam,22
Mow the lawn,16
Complete computer science assignment,23
Meet with manager,12
Pay bills,6
Buy groceries,18
Complete computer science assignment,20
Go to the gym,16
Call a friend,3
Meet with manager,23
Take out the trash,12
Plan a trip,15
Attend a meeting,25
Buy groceries,19
Plan a trip,6
Buy groceries,12
Get out of bed,0
Buy groceries,25
Cook dinner,20
Mow the lawn,19
Clean your room,17
Meet with manager,22
Buy groceries,10
Organize files,22
Meal prep for the week,16
Organize files,19
Take out the trash,0
Get out of bed,10
Attend a meeting,10
Do laundry,9
Mow the lawn,15
Cook dinner,19
Attend a meeting,9
Clean your room,1
Write a y-page essay,10
Pay bills,23
Do laundry,23
Get out of bed,0
Walk the dog,10
Complete computer science assignment,17
Pay bills,24
Buy groceries,5
Complete computer science assignment,20
Cook dinner,7
Plan a trip,1
Call a friend,9
Do laundry,12
Take a shower,17
Attend a meeting,0
Organize files,13
Call a friend,22
Mow the lawn,4
Plan a trip,16
Clean your room,3
Write a y-page essay,6
Attend a meeting,15
Take out the trash,12
Meet with manager,14
Go to the gym,21
Take a shower,7
Plan a trip,18
Call a friend,5
Mow the lawn,22
Plan a trip,16
Call a friend,8
Take a shower,9
Write a y-page essay,10
Organize files,20
Take a shower,0
Call a friend,4
Call a friend,18
Attend a meeting,19
Organize files,10
Get out of bed,10
Plan a trip,6
Complete computer science assignment,7
Attend a meeting,21
Call a friend,6
Get out of bed,1
Write a y-page essay,5
Plan a trip,18
Attend a meeting,3
Clean your room,2
Take out the trash,19
Take out the trash,9
Meal prep for the week,25
Complete computer science assignment,10
Take a shower,2
Take a shower,19
Meal prep for the week,20
Buy groceries,5
Call a friend,19
Meal prep for the week,17
Cook dinner,16
Complete computer science assignment,15
Walk the dog,23
Get out of bed,7
Complete computer science assignment,3
Buy groceries,17
Take out the trash,8
Plan a trip,10
Take out the trash,21
Attend a meeting,23
Pay bills,3
Get out of bed,16
Meet with manager,2
Clean your room,14
Study for exam,15
Get out of bed,8
Meal prep for the week,18
Walk the dog,13
Go to the gym,4
Take out the trash,24
Organize files,1
Call a friend,6
Complete computer science assignment,13
Go to the gym,8
Complete computer science assignment,13
Get out of bed,2
Organize files,22
Attend a meeting,23
Buy groceries,12
Meet with manager,15
Pay bills,4
Meet with manager,22
Meal prep for the week,5
Plan a trip,19
Call a friend,7
Take out the trash,4
Get out of bed,7
Get out of bed,11
Meal prep for the week,2
Call a friend,9
Mow the lawn,25
Buy groceries,3
Write a y-page essay,25
Attend a meeting,24
Mow the lawn,2
Call a friend,14
Take a shower,1
Organize files,9
Meet with manager,7
Meet with manager,7
Meal prep for the week,25
Walk the dog,4
Take a shower,21
Pay bills,0
Call a friend,21
Meal prep for the week,6
Call a friend,12
Get out of bed,13
Take out the trash,1
Meet with manager,25
Get out of bed,23
Attend a meeting,2
Cook dinner,1
Attend a meeting,15
Take out the trash,8
Buy groceries,7
Write a y-page essay,1
Mow the lawn,15
Mow the lawn,6
Organize files,9
Take out the trash,4
Plan a trip,12
Attend a meeting,0
Meal prep for the week,10
Walk the dog,2
Clean your room,25
Pay bills,6
Clean your room,6
Plan a trip,21
Do laundry,5
Plan a trip,1
Do laundry,1
Call a friend,14
Cook dinner,6
Get out of bed,1
Pay bills,25
Write a y-page essay,7
Go to the gym,15
Get out of bed,5
Walk the dog,7
Plan a trip,1
Buy groceries,18
Do laundry,17
Cook dinner,20
Get out of bed,9
Do laundry,2
Plan a trip,12
Call a friend,23
Go to the gym,20
Clean your room,11
Do laundry,6
Go to the gym,0
Take out the trash,3
Do laundry,18
Attend a meeting,7
Meal prep for the week,25
Clean your room,23
Take out the trash,4
Call a friend,14
Cook dinner,6
Go to the gym,13
Study for exam,20
Plan a trip,7
Mow the lawn,2
Take a shower,9
Plan a trip,22
Call a friend,13
Go to the gym,11
Buy groceries,0
Write a y-page essay,3
Meal prep for the week,21
Do laundry,14
Take out the trash,5
Meal prep for the week,10
Take out the trash,19
Complete computer science assignment,22
Take out the trash,7
Take a shower,4
Clean your room,15
Pay bills,21
Mow the lawn,24
Study for exam,16
Take a shower,10
Meal prep for the week,4
Organize files,16
Meet with manager,16
Mow the lawn,12
Attend a meeting,12
Call a friend,23
Meet with manager,13
Go to the gym,20
Buy groceries,15
Plan a trip,3
Do laundry,22
Mow the lawn,22
Take a shower,23
Mow the lawn,15
Attend a meeting,6
Buy groceries,7
Mow the lawn,5
Take out the trash,1
Study for exam,2
Cook dinner,23
Mow the lawn,7
Write a y-page essay,17
Plan a trip,9
Do laundry,12
Take out the trash,1
Mow the lawn,25
Go to the gym,15
Take out the trash,17
Study for exam,4
Pay bills,15
Write a y-page essay,16
Clean your room,23
Cook dinner,1
Pay bills,19
Cook dinner,21
Go to the gym,23
Take out the trash,12
Cook dinner,11
Get out of bed,19
Walk the dog,19
Complete computer science assignment,21
Go to the gym,19
Complete computer science assignment,3
Write a y-page essay,24
Cook dinner,21
Complete computer science assignment,21
Call a friend,23
Do laundry,16
Meal prep for the week,4
Complete computer science assignment,0
Plan a trip,21
Meet with manager,5
Do laundry,25
Clean your room,22
Attend a meeting,0
Meet with manager,25
Study for exam,12
Take a shower,12
Walk the dog,13
Get out of bed,25
Mow the lawn,1
Take a shower,16
Take out the trash,23
Do laundry,13
Pay bills,16
Call a friend,20
Go to the gym,16
Take out the trash,2
Study for exam,12
Cook dinner,13
Do laundry,24
Complete computer science assignment,20
Take a shower,20
Study for exam,11
Call a friend,24
Walk the dog,1
Study for exam,18
Buy groceries,21
Complete computer science assignment,18
Take a shower,24
Complete computer science assignment,0
Meet with manager,24
Take out the trash,22
Pay bills,4
Call a friend,6
Study for exam,5
Clean your room,4
Do laundry,19
Study for exam,14
Attend a meeting,21
Get out of bed,18
Mow the lawn,11
Clean your room,17
Pay bills,23
Study for exam,7
Write a y-page essay,3
Plan a trip,17
Get out of bed,5
Clean your room,7
Plan a trip,20
Meal prep for the week,6
Complete computer science assignment,21
Meet with manager,16
Call a friend,18
Cook dinner,13
Meal prep for the week,22
Do laundry,2
Cook dinner,0
Take a shower,21
Get out of bed,17
Study for exam,20
Walk the dog,0
Complete computer science assignment,12
Plan a trip,22
Attend a meeting,3
Call a friend,13
Clean your room,18
Meal prep for the week,19
Meet with manager,9
Meal prep for the week,13
Call a friend,3
Do laundry,15
Clean your room,13
Write a y-page essay,5
Go to the gym,24
Cook dinner,22
Meal prep for the week,19
Take out the trash,2
Meal prep for the week,22
Plan a trip,21
Cook dinner,24
Meal prep for the week,19
Complete computer science assignment,23
Clean your room,3
Buy groceries,13
Take a shower,18
Take out the trash,25
Meet with manager,13
Take a shower,17
Meet with manager,12
Pay bills,11
Meal prep for the week,17
Write a y-page essay,23
Write a y-page essay,22
Do laundry,8
Meal prep for the week,15
Take out the trash,5
Buy groceries,13
Walk the dog,8
Take a shower,7
Pay bills,24
Walk the dog,10
Study for exam,6
Get out of bed,25
Complete computer science assignment,22
Take a shower,13
Organize files,2
Mow the lawn,24
Go to the gym,12
Walk the dog,21
Study for exam,25
Organize files,21
Meal prep for the week,3
Meal prep for the week,24
Write a y-page essay,16
Meet with manager,24
Buy groceries,5
Meal prep for the week,0
Pay bills,17
Meal prep for the week,25
Buy groceries,22
Plan a trip,9
Take a shower,13
Cook dinner,7
Study for exam,1
Meal prep for the week,19
Plan a trip,19
Walk the dog,7
Take out the trash,16
Complete computer science assignment,15
Take out the trash,25
Take out the trash,12
Meal prep for the week,20
Study for exam,17
Do laundry,8
Cook dinner,23
Do laundry,20
Organize files,18
Clean your room,16
Attend a meeting,22
Take a shower,14
Call a friend,6
Mow the lawn,25
Buy groceries,18
Cook dinner,4
Take a shower,8
Mow the lawn,18
Meet with manager,1
Take a shower,1
Attend a meeting,1
Buy groceries,12
Meal prep for the week,2
Meal prep for the week,17
Walk the dog,2
Go to the gym,13
Clean your room,20
Study for exam,20
Buy groceries,3
Meet with manager,14
Cook dinner,17
Get out of bed,18
Study for exam,5
Walk the dog,9
Meal prep for the week,21
Get out of bed,23
Do laundry,2
Write a y-page essay,23
Meet with manager,17
Write a y-page essay,20
Complete computer science assignment,2
Get out of bed,9
Mow the lawn,20
Meet with manager,6
Cook dinner,21
Study for exam,18
Meal prep for the week,7
Cook dinner,18
Clean your room,24
Mow the lawn,13
Meet with manager,12
Do laundry,15
Pay bills,5
Mow the lawn,14
Cook dinner,9
Call a friend,3
Do laundry,16
Clean your room,18
Pay bills,10
Meal prep for the week,16
Get out of bed,3
Do laundry,4
Clean your room,0
Get out of bed,22
Meal prep for the week,24
Pay bills,0
Get out of bed,12
Call a friend,1
Cook dinner,24
Walk the dog,17
Mow the lawn,2
Walk the dog,4
Mow the lawn,6
Attend a meeting,0
Take out the trash,6
Walk the dog,10
Study for exam,5
Meal prep for the week,18
Organize files,7
Study for exam,9
Buy groceries,19
Walk the dog,12
Walk the dog,7
Organize files,22
Meal prep for the week,25
Study for exam,6
Meal prep for the week,4
Write a y-page essay,5
Call a friend,16
Mow the lawn,5
Take a shower,17
Study for exam,3
Take a shower,2
Meal prep for the week,4
Take a shower,3
Clean your room,0
Get out of bed,19
Go to the gym,21
Attend a meeting,3
Write a y-page essay,17
Clean your room,16
Pay bills,8
Meal prep for the week,24
Pay bills,21
Meet with manager,7
Plan a trip,17
Study for exam,20
Take out the trash,14
Buy groceries,14
Pay bills,6
Pay bills,13
Clean your room,17
Meal prep for the week,6
Walk the dog,19
Take a shower,18
Pay bills,11
Mow the lawn,22
Mow the lawn,17
Do laundry,1
Buy groceries,1
Mow the lawn,14
Clean your room,16
Call a friend,5
Mow the lawn,0
Complete computer science assignment,1
Walk the dog,7
Cook dinner,7
Walk the dog,13
Go to the gym,14
Cook dinner,20
Walk the dog,17
Attend a meeting,12
Call a friend,11
Attend a meeting,23
Take out the trash,7
Complete computer science assignment,15
Plan a trip,12
Take out the trash,15
Buy groceries,6
Cook dinner,25
Mow the lawn,21
Buy groceries,2
Study for exam,24
Mow the lawn,6
Take a shower,12
Get out of bed,13
Clean your room,20
Walk the dog,8
Organize files,1
Mow the lawn,9
Write a y-page essay,2
Walk the dog,3
Complete computer science assignment,15
Go to the gym,20
Complete computer science assignment,17
Walk the dog,0
Buy groceries,18
Pay bills,6
Get out of bed,20
Meet with manager,4
Study for exam,11
Get out of bed,18
Walk the dog,0
Buy groceries,5
Take out the trash,13
Clean your room,22
Write a y-page essay,17
Mow the lawn,17
Call a friend,1
Meet with manager,14
Organize files,25
Write a y-page essay,14
Take out the trash,12
Write a y-page essay,10
Complete computer science assignment,23
Pay bills,1
Mow the lawn,16
Walk the dog,25
Meal prep for the week,5
Walk the dog,24
Buy groceries,8
Do laundry,14
Take out the trash,1
Go to the gym,1
Attend a meeting,1
Cook dinner,13
Take out the trash,1
Walk the dog,1
Take out the trash,14
Write a y-page essay,5
Complete computer science assignment,21
Call a friend,14
Walk the dog,2
Take a shower,13
Cook dinner,1
Do laundry,22
Buy groceries,23
Buy groceries,25
Buy groceries,7
Take out the trash,2
Walk the dog,0
Go to the gym,23
Get out of bed,7
Organize files,2
Write a y-page essay,12
Call a friend,15
Go to the gym,15
Walk the dog,20
Take out the trash,10
Study for exam,3
Meal prep for the week,18
Take a shower,0
Get out of bed,7
Get out of bed,12
Organize files,14
Meal prep for the week,19
Walk the dog,7
Clean your room,17
Study for exam,1
Pay bills,25
Do laundry,21
Pay bills,10
Take a shower,10
Clean your room,16
Do laundry,13
Write a y-page essay,15
Plan a trip,12
Walk the dog,1
Organize files,5
Clean your room,22
Call a friend,18
Walk the dog,0
Meet with manager,1
Walk the dog,7
Plan a trip,4
Pay bills,9
Take a shower,21
Mow the lawn,1
Buy groceries,20
Take a shower,15
Study for exam,11
Take out the trash,8
Write a y-page essay,8
Write a y-page essay,13
Do laundry,14
Organize files,10
Do laundry,24
Take out the trash,25
Call a friend,0
Study for exam,9
Mow the lawn,4
Mow the lawn,24
Plan a trip,23
Cook dinner,21
Do laundry,14
Go to the gym,6
Complete computer science assignment,21
Clean your room,12
Take out the trash,12
Pay bills,17
Do laundry,0
Get out of bed,17
Study for exam,25
Pay bills,6
Clean your room,20
Study for exam,11
Complete computer science assignment,1
Organize files,14
Study for exam,5
Take out the trash,22
Complete computer science assignment,9
Meet with manager,5
Clean your room,17
Pay bills,11
Meet with manager,23
Write a y-page essay,1
Plan a trip,9
Plan a trip,6
Call a friend,9
Study for exam,5
Go to the gym,13
Go to the gym,14
Buy groceries,16
Plan a trip,14
Meal prep for the week,14
Call a friend,16
Go to the gym,0
Take out the trash,3
Cook dinner,22
Call a friend,10
Meal prep for the week,19
Write a y-page essay,25
Study for exam,12
Meal prep for the week,13
Clean your room,19
Mow the lawn,1
Cook dinner,6
Take out the trash,18
Write a y-page essay,12
Buy groceries,16
Attend a meeting,8
Complete computer science assignment,19
Write a y-page essay,15
Clean your room,9
Study for exam,12
Pay bills,9
Walk the dog,7
Write a y-page essay,4
Write a y-page essay,0
Clean your room,10
Plan a trip,9
Clean your room,11
Get out of bed,9
Study for exam,5
Meal prep for the week,2
Clean your room,22
Study for exam,6
Write a y-page essay,16
Complete computer science assignment,20
Take out the trash,6
Study for exam,9
Pay bills,3
Pay bills,23
Clean your room,3
Study for exam,20
Take out the trash,25
Take out the trash,25
Pay bills,20
Get out of bed,9
Cook dinner,20
Take out the trash,13
Meal prep for the week,11
Meal prep for the week,13
Get out of bed,21
Attend a meeting,16
Get out of bed,24
Take a shower,3
Get out of bed,22
Write a y-page essay,8
Plan a trip,6
Complete computer science assignment,0
Write a y-page essay,18
Organize files,9
Get out of bed,25
Pay bills,12
Meal prep for the week,19
Attend a meeting,1
Call a friend,8
Attend a meeting,11
Mow the lawn,3
Plan a trip,13
Mow the lawn,19
Buy groceries,3
Meal prep for the week,24
Meet with manager,17
Plan a trip,11
Cook dinner,2
Study for exam,11
Organize files,14
Get out of bed,21
Clean your room,24
Meal prep for the week,2
Mow the lawn,10
Cook dinner,0
Call a friend,20
Walk the dog,12
Meal prep for the week,10
Organize files,12
Buy groceries,7
Walk the dog,16
Meet with manager,4
Take out the trash,24
Study for exam,5
Study for exam,12
Pay bills,8
Cook dinner,15
Organize files,0
Do laundry,16
Organize files,2
Complete computer science assignment,8
Meal prep for the week,11
Plan a trip,16
Mow the lawn,8
Meet with manager,21
Organize files,14
Plan a trip,16
Clean your room,24
Organize files,3
Do laundry,13
Walk the dog,16
Attend a meeting,24
Meal prep for the week,17
Call a friend,17
Plan a trip,1
Go to the gym,1
Call a friend,25
Buy groceries,1
Go to the gym,6
Plan a trip,19
Complete computer science assignment,12
Get out of bed,20
Clean your room,8
Call a friend,19
Take a shower,12
Plan a trip,24
Take a shower,12
Cook dinner,17
Study for exam,3
Pay bills,6
Attend a meeting,13
Call a friend,10
Cook dinner,6
Walk the dog,0
Write a y-page essay,10
Call a friend,24
Study for exam,21
Pay bills,0
Get out of bed,11
Do laundry,24
Meet with manager,3
Cook dinner,19
Mow the lawn,25
Go to the gym,19
Write a y-page essay,2
Meal prep for the week,6
Plan a trip,12
Organize files,24
Call a friend,15
Do laundry,23
Take out the trash,21
Buy groceries,12
Write a y-page essay,19
Write a y-page essay,19
Cook dinner,3
Do laundry,20
Meet with manager,1
Mow the lawn,5
Buy groceries,18
Get out of bed,21
Cook dinner,18
Mow the lawn,13
Mow the lawn,9
Take a shower,6
Attend a meeting,3
Cook dinner,23
Attend a meeting,19
Complete computer science assignment,21
Attend a meeting,17
Pay bills,1
Do laundry,19
Do laundry,8
Go to the gym,4
Mow the lawn,8
Take a shower,20
Take a shower,11
Cook dinner,2
Buy groceries,1
Go to the gym,9
Attend a meeting,3
Buy groceries,10
Take a shower,4
Complete computer science assignment,21
Study for exam,25
Walk the dog,6
Take out the trash,14
Cook dinner,16
Plan a trip,16
Clean your room,22
Get out of bed,3
Go to the gym,14
Mow the lawn,24
Attend a meeting,6
Meal prep for the week,6
Take out the trash,12
Attend a meeting,12
Go to the gym,14
Clean your room,17
Complete computer science assignment,18
Walk the dog,7
Walk the dog,5
Call a friend,15
Take out the trash,25
Do laundry,7
Attend a meeting,6
Meet with manager,24
Write a y-page essay,22
Get out of bed,6
Go to the gym,0
Buy groceries,19
Study for exam,5
Get out of bed,15
Write a y-page essay,16
Organize files,16
Write a y-page essay,25
Cook dinner,19
Plan a trip,23
Get out of bed,5
Cook dinner,21
Cook dinner,19
Get out of bed,6
Organize files,23
Meal prep for the week,1
Organize files,6
Walk the dog,17
Go to the gym,25
Meet with manager,13
Meet with manager,0
Walk the dog,18
Call a friend,9
Go to the gym,24
Mow the lawn,7
Organize files,2
Attend a meeting,25
Mow the lawn,7
Take a shower,0
Go to the gym,17
Plan a trip,19
Write a y-page essay,18
Walk the dog,16
Take out the trash,19
Go to the gym,18
Write a y-page essay,1
Complete computer science assignment,2
Take a shower,5
Cook dinner,10
Pay bills,12
Clean your room,21
Cook dinner,5
Meet with manager,24
Write a y-page essay,12
Walk the dog,0
Attend a meeting,9
Organize files,1
Cook dinner,7
Attend a meeting,20
Pay bills,12
Call a friend,23
Attend a meeting,11
Write a y-page essay,22
Meet with manager,5
Meal prep for the week,7
Plan a trip,14
Organize files,3
Cook dinner,21
Meal prep for the week,6
Attend a meeting,1
Buy groceries,13
Walk the dog,8
Plan a trip,5
Meet with manager,20
Do laundry,9
Write a y-page essay,19
Meal prep for the week,12
Attend a meeting,14
Meet with manager,10
Mow the lawn,22
Take a shower,0
Mow the lawn,13
Cook dinner,14
Attend a meeting,21
Complete computer science assignment,3
Write a y-page essay,8
Do laundry,4
Pay bills,22
Meal prep for the week,0
Attend a meeting,18
Pay bills,14
Get out of bed,18
Study for exam,19
Pay bills,3
Mow the lawn,16
Plan a trip,0
Organize files,23
Meal prep for the week,16
Study for exam,12
Do laundry,8
Meet with manager,24
Mow the lawn,0
Mow the lawn,12
Mow the lawn,24
Mow the lawn,3
Pay bills,5
Walk the dog,1
Call a friend,20
Take a shower,18
Go to the gym,1
Go to the gym,24
Take a shower,19
Attend a meeting,25
Meal prep for the week,16
Meet with manager,1
Meet with manager,20
Buy groceries,7
Study for exam,23
Clean your room,6
Organize files,24
Study for exam,22
Pay bills,2
Study for exam,11
Clean your room,16
Attend a meeting,22
Write a y-page essay,3
Call a friend,25
Call a friend,7
Organize files,4
Attend a meeting,0
Mow the lawn,21
Plan a trip,12
Pay bills,2
Take a shower,11
Plan a trip,14
Organize files,8
Meet with manager,22
Take a shower,11
Meet with manager,1
Take a shower,13
Go to the gym,0
Buy groceries,24
Complete computer science assignment,7
Complete computer science assignment,9
Organize files,17
Get out of bed,6
Complete computer science assignment,25
Call a friend,14
Buy groceries,6
Call a friend,21
Mow the lawn,24
Take out the trash,5
Organize files,2
Organize files,14
Attend a meeting,18
Take out the trash,4
Mow the lawn,15
Clean your room,11
Cook dinner,16
Take out the trash,9
Pay bills,8
Take a shower,8
Get out of bed,9
Mow the lawn,1
Cook dinner,16
Study for exam,23
Study for exam,3
Write a y-page essay,4
Mow the lawn,20
Take out the trash,22
Take out the trash,18
Call a friend,6
Organize files,11
Take a shower,10
Meal prep for the week,10
Buy groceries,18
Study for exam,19
Walk the dog,23
Complete computer science assignment,0
Study for exam,1
Organize files,21
Cook dinner,2
Meet with manager,11
Plan a trip,19
Call a friend,21
Do laundry,19
Go to the gym,3
Study for exam,8
Meet with manager,5
Take out the trash,4
Take a shower,18
Meal prep for the week,7
Take a shower,12
Attend a meeting,20
Write a y-page essay,20
Go to the gym,0
Buy groceries,14
Pay bills,18
Do laundry,18
Go to the gym,20
Complete computer science assignment,14
Buy groceries,20
Mow the lawn,14
Write a y-page essay,12
Write a y-page essay,5
Write a y-page essay,9
Organize files,19
Get out of bed,21
Go to the gym,18
Take a shower,8
Pay bills,7
Buy groceries,12
Meet with manager,10
Attend a meeting,7
Write a y-page essay,13
Study for exam,25
Study for exam,16
Call a friend,18
Go to the gym,15
Clean your room,20
Organize files,18
Take a shower,2
Meet with manager,1
Go to the gym,13
Take a shower,13
Complete computer science assignment,19
Write a y-page essay,20
Meet with manager,14
Take out the trash,12
Complete computer science assignment,15
Mow the lawn,3
Clean your room,12
Write a y-page essay,3
Meal prep for the week,4
Do laundry,13
Clean your room,6
Mow the lawn,14
Go to the gym,14
Cook dinner,16
Attend a meeting,13
Write a y-page essay,21
Take out the trash,23
Attend a meeting,12
Meet with manager,4
Write a y-page essay,11
Cook dinner,3
Do laundry,10
Meal prep for the week,9
Take a shower,15
Get out of bed,17
Plan a trip,15
Study for exam,23
Cook dinner,15
Mow the lawn,20
Walk the dog,0
Mow the lawn,20
Take out the trash,6
Meet with manager,24
Get out of bed,20
Call a friend,5
Complete computer science assignment,3
Study for exam,7
Plan a trip,9
Meal prep for the week,18
Walk the dog,18
Meal prep for the week,25
Meal prep for the week,8
Meal prep for the week,7
Pay bills,13
Organize files,22
Cook dinner,4
Go to the gym,10
Take out the trash,21
Call a friend,20
Meal prep for the week,10
Call a friend,4
Complete computer science assignment,18
Buy groceries,22
Take a shower,3
Meet with manager,9
Mow the lawn,20
Organize files,19
Take a shower,0
Meal prep for the week,25
Organize files,11
Attend a meeting,21
Organize files,21
Attend a meeting,2
Cook dinner,23
Complete computer science assignment,10
Mow the lawn,16
Buy groceries,2
Mow the lawn,1
Cook dinner,8
Pay bills,0
Mow the lawn,2
Attend a meeting,17
Meet with manager,5
Write a y-page essay,15
Call a friend,5
Mow the lawn,7
Take a shower,16
Plan a trip,13
Meal prep for the week,6
Meet with manager,19
Study for exam,19
Mow the lawn,4
Organize files,10
Call a friend,7
Walk the dog,9
Mow the lawn,22
Call a friend,21
Attend a meeting,23
Buy groceries,17
Plan a trip,0
Take a shower,22
Study for exam,14
Mow the lawn,1
Meet with manager,9
Plan a trip,2
Do laundry,10
Go to the gym,17
Buy groceries,8
Take out the trash,23
Walk the dog,23
Do laundry,4
Get out of bed,15
Organize files,5
Complete computer science assignment,3
Attend a meeting,22
Take a shower,15
Study for exam,4
Call a friend,2
Meal prep for the week,1
Take out the trash,18
Write a y-page essay,17
Walk the dog,6
Write a y-page essay,25
Mow the lawn,4
Get out of bed,23
Cook dinner,19
Plan a trip,25
Walk the dog,25
Write a y-page essay,10
Get out of bed,9
Attend a meeting,5
Mow the lawn,16
Meal prep for the week,8
Attend a meeting,10
Clean your room,25
Do laundry,2
Get out of bed,13
Buy groceries,13
Pay bills,18
Clean your room,24
Take a shower,22
Meal prep for the week,22
Plan a trip,14
Organize files,19
Write a y-page essay,21
Walk the dog,15
Call a friend,13
Organize files,21
Meal prep for the week,10
Organize files,1
Write a y-page essay,12
Buy groceries,7
Pay bills,17
Meet with manager,14
Buy groceries,11
Call a friend,16
Buy groceries,10
Organize files,17
Cook dinner,10
Plan a trip,21
Study for exam,0
Meet with manager,17
Get out of bed,20
Meal prep for the week,20
Pay bills,13
Cook dinner,2
Plan a trip,17
Get out of bed,9
Get out of bed,2
Attend a meeting,9
Pay bills,17
Take out the trash,13
Take out the trash,14
Complete computer science assignment,9
Cook dinner,24
Do laundry,21
Walk the dog,19
Get out of bed,3
Cook dinner,5
Study for exam,21
Attend a meeting,2
Buy groceries,20
Study for exam,3
Get out of bed,12
Attend a meeting,9
Meet with manager,12
Do laundry,6
Take out the trash,22
Complete computer science assignment,24
Take out the trash,25
Attend a meeting,22
Attend a meeting,5
Attend a meeting,25
Attend a meeting,7
Go to the gym,0
Buy groceries,12
Buy groceries,8
Attend a meeting,7
Organize files,25
Walk the dog,11
Write a y-page essay,24
Take a shower,22
Complete computer science assignment,15
Meet with manager,2
Organize files,16
Organize files,9
Pay bills,24
Study for exam,23
Take out the trash,7
Clean your room,19
Complete computer science assignment,12
Write a y-page essay,5
Mow the lawn,6
Call a friend,12
Do laundry,22
Study for exam,6
Take a shower,20
Study for exam,3
Go to the gym,14
Buy groceries,16
Get out of bed,10
Attend a meeting,1
Walk the dog,20
Complete computer science assignment,17
Get out of bed,7
Buy groceries,4
Organize files,23
Cook dinner,9
Write a y-page essay,2
Attend a meeting,4
Pay bills,13
Meal prep for the week,1
Write a y-page essay,2
Buy groceries,0
Attend a meeting,21
Complete computer science assignment,21
Go to the gym,13
Meal prep for the week,25
Pay bills,23
Get out of bed,2
Get out of bed,24
Meal prep for the week,6
Mow the lawn,1
Attend a meeting,23
Go to the gym,24
Clean your room,3
Cook dinner,7
Meal prep for the week,21
Do laundry,7
Clean your room,24
Cook dinner,9
Attend a meeting,23
Buy groceries,8
Buy groceries,24
Pay bills,12
Plan a trip,25
Write a y-page essay,3
Pay bills,4
Study for exam,2
Attend a meeting,12
Mow the lawn,13
Buy groceries,6
Mow the lawn,19
Take out the trash,10
Walk the dog,1
Buy groceries,11
Pay bills,10
Pay bills,12
Plan a trip,22
Meal prep for the week,13
Get out of bed,7
Complete computer science assignment,23
Go to the gym,13
Meal prep for the week,11
Clean your room,18
Buy groceries,7
Plan a trip,11
Meal prep for the week,3
Pay bills,22
Plan a trip,10
Mow the lawn,5
Clean your room,11
Get out of bed,0
Take out the trash,6
Write a y-page essay,6
Take out the trash,14
Take out the trash,17
Clean your room,10
Go to the gym,9
Meet with manager,4
Cook dinner,4
Take out the trash,12
Pay bills,6
Take a shower,23
Take a shower,16
Complete computer science assignment,9
Take out the trash,9
Walk the dog,5
Pay bills,25
Call a friend,7
Meal prep for the week,9
Take a shower,24
Walk the dog,19
Plan a trip,23
Write a y-page essay,9
Cook dinner,24
Take a shower,2
Mow the lawn,10
Meet with manager,6
Cook dinner,25
Study for exam,23
Complete computer science assignment,15
Do laundry,6
Get out of bed,20
Clean your room,14
Go to the gym,23
Cook dinner,18
Meet with manager,19
Plan a trip,18
Organize files,22
Call a friend,18
Walk the dog,22
Take a shower,19
Do laundry,5
Write a y-page essay,24
Call a friend,11
Attend a meeting,22
Take out the trash,8
Plan a trip,9
Clean your room,24
Meal prep for the week,18
Attend a meeting,18
Take out the trash,0
Get out of bed,3
Walk the dog,21
Walk the dog,12
Walk the dog,12
Mow the lawn,11
Get out of bed,0
Meal prep for the week,14
Meal prep for the week,12
Go to the gym,0
Do laundry,19
Meal prep for the week,17
Meal prep for the week,24
Take out the trash,10
Call a friend,7
Study for exam,20
Study for exam,8
Complete computer science assignment,12
Study for exam,18
Attend a meeting,21
Organize files,2
Call a friend,23
Meal prep for the week,14
Pay bills,15
Get out of bed,14
Get out of bed,17
Write a y-page essay,18
Attend a meeting,3
Do laundry,8
Attend a meeting,23
Take out the trash,13
Call a friend,7
Complete computer science assignment,24
Pay bills,12
Organize files,1
Cook dinner,11
Go to the gym,3
Attend a meeting,16
Do laundry,1
Take out the trash,24
Write a y-page essay,19
Do laundry,0
Study for exam,17
Pay bills,24
Cook dinner,3
Plan a trip,9
Meet with manager,5
Meet with manager,18
Get out of bed,13
Pay bills,7
Plan a trip,6
Attend a meeting,24
Meal prep for the week,13
Get out of bed,11
Organize files,21
Get out of bed,12
Study for exam,0
Go to the gym,13
Meet with manager,10
Meet with manager,8
Walk the dog,23
Write a y-page essay,20
Meet with manager,4
Pay bills,19
Cook dinner,15
Clean your room,0
Cook dinner,19
Buy groceries,19
Clean your room,22
Write a y-page essay,4
Meal prep for the week,25
Plan a trip,7
Go to the gym,20
Clean your room,23
Call a friend,10
Meal prep for the week,13
Clean your room,23
Go to the gym,21
Walk the dog,1
Walk the dog,14
Write a y-page essay,22
Buy groceries,14
Write a y-page essay,10
Walk the dog,24
Take out the trash,17
Study for exam,7
Meal prep for the week,22
Do laundry,12
Study for exam,23
Write a y-page essay,2
Complete computer science assignment,19
Study for exam,12
Plan a trip,6
Pay bills,6
Get out of bed,14
Cook dinner,1
Call a friend,0
Cook dinner,12
Buy groceries,21
Write a y-page essay,13
Mow the lawn,13
Do laundry,13
Get out of bed,10
Do laundry,19
Meal prep for the week,13
Organize files,6
Pay bills,25
Meal prep for the week,6
Study for exam,9
Go to the gym,10
Cook dinner,18
Complete computer science assignment,8
Study for exam,2
Study for exam,4
Go to the gym,9
Meal prep for the week,25
Complete computer science assignment,10
Call a friend,18
Call a friend,24
Clean your room,15
Plan a trip,8
Do laundry,11
Meal prep for the week,10
Meal prep for the week,16
Take out the trash,15
Organize files,1
Get out of bed,19
Plan a trip,16
Buy groceries,16
Go to the gym,23
Cook dinner,2
Buy groceries,3
Complete computer science assignment,19
Take out the trash,3
Organize files,13
Take out the trash,4
Clean your room,2
Get out of bed,7
Study for exam,18
Buy groceries,7
Study for exam,4
Study for exam,5
Study for exam,14
Do laundry,24
Get out of bed,6
Meal prep for the week,17
Complete computer science assignment,3
Meal prep for the week,9
Write a y-page essay,25
Complete computer science assignment,23
Call a friend,1
Take out the trash,21
Do laundry,9
Cook dinner,1
Do laundry,13
Cook dinner,6
Study for exam,8
Study for exam,5
Cook dinner,3
Meal prep for the week,12
Clean your room,9
Clean your room,0
Buy groceries,11
Get out of bed,15
Organize files,10
Mow the lawn,8
Call a friend,14
Write a y-page essay,11
Mow the lawn,0
Walk the dog,3
Take out the trash,9
Attend a meeting,19
Meet with manager,19
Take out the trash,18
Write a y-page essay,13
Attend a meeting,2
Clean your room,9
Write a y-page essay,24
Do laundry,22
Organize files,1
Call a friend,2
Write a y-page essay,17
Organize files,7
Get out of bed,5
Organize files,12
Cook dinner,8
Mow the lawn,12
Get out of bed,24
Study for exam,14
Clean your room,2
Study for exam,13
Clean your room,25
Meal prep for the week,4
Do laundry,7
Get out of bed,25
Mow the lawn,22
Buy groceries,9
Organize files,24
Cook dinner,10
Meet with manager,9
Take out the trash,19
Cook dinner,4
Write a y-page essay,0
Walk the dog,12
Take a shower,14
Take a shower,12
Complete computer science assignment,23
Meet with manager,17
Attend a meeting,21
Cook dinner,3
Get out of bed,3
Take out the trash,21
Take out the trash,11
Complete computer science assignment,5
Study for exam,6
Organize files,12
Write a y-page essay,18
Walk the dog,5
Walk the dog,24
Call a friend,25
Do laundry,10
Get out of bed,14
Take a shower,22
Meal prep for the week,12
Cook dinner,17
Cook dinner,20
Complete computer science assignment,19
Write a y-page essay,25
Walk the dog,5
Clean your room,4
Buy groceries,0
Study for exam,16
Meet with manager,12
Study for exam,23
Write a y-page essay,21
Cook dinner,2
Mow the lawn,19
Call a friend,0
Meal prep for the week,0
Go to the gym,14
Attend a meeting,4
Cook dinner,25
Walk the dog,6
Study for exam,4
Meet with manager,23
Attend a meeting,10
Mow the lawn,7
Take a shower,7
Clean your room,8
Complete computer science assignment,22
Attend a meeting,8
Do laundry,7
Call a friend,6
Do laundry,15
Walk the dog,8
Do laundry,22
Complete computer science assignment,9
Get out of bed,23
Pay bills,5
Pay bills,13
Do laundry,22
Do laundry,4
Mow the lawn,16
Walk the dog,9
Meal prep for the week,2
Call a friend,5
Go to the gym,12
Call a friend,20
Take out the trash,1
Meet with manager,23
Meal prep for the week,19
Get out of bed,12
Write a y-page essay,2
Take a shower,9
Complete computer science assignment,20
Take a shower,18
Go to the gym,9
Meal prep for the week,23
Take a shower,8
Organize files,1
Walk the dog,19
Mow the lawn,16
Meet with manager,24
Attend a meeting,24
Take out the trash,18
Study for exam,21
Write a y-page essay,23
Take out the trash,8
Cook dinner,25
Take a shower,7
Get out of bed,13
Take out the trash,22
Take out the trash,15
Take out the trash,11
Study for exam,2
Meal prep for the week,7
Call a friend,22
Plan a trip,1
Pay bills,4
Take a shower,12
Take out the trash,17
Go to the gym,13
Pay bills,18
Call a friend,7
Write a y-page essay,4
Go to the gym,7
Pay bills,0
Buy groceries,8
Organize files,24
Call a friend,21
Clean your room,20
Walk the dog,23
Pay bills,17
Take out the trash,14
Organize files,18
Study for exam,8
Take out the trash,14
Go to the gym,4
Meet with manager,21
Buy groceries,16
Plan a trip,20
Do laundry,12
Attend a meeting,13
Mow the lawn,17
Attend a meeting,9
Take out the trash,22
Walk the dog,2
Take a shower,0
Plan a trip,14
Go to the gym,21
Clean your room,11
Complete computer science assignment,17
Get out of bed,25
Cook dinner,6
Mow the lawn,13
Call a friend,18
Plan a trip,15
Cook dinner,16
Take a shower,1
Attend a meeting,6
Study for exam,7
Pay bills,4
Attend a meeting,4
Meet with manager,21
Complete computer science assignment,12
Pay bills,11
Meal prep for the week,1
Take out the trash,12
Clean your room,15
Meet with manager,5
Do laundry,9
Call a friend,20
Write a y-page essay,16
Meet with manager,20
Call a friend,12
Take out the trash,21
Go to the gym,16
Go to the gym,17
Walk the dog,4
Write a y-page essay,8
Take a shower,8
Write a y-page essay,19
Plan a trip,3
Study for exam,25
Attend a meeting,24
Go to the gym,2
Take out the trash,24
Take out the trash,25
Clean your room,17
Organize files,16
Mow the lawn,14
Study for exam,15
Go to the gym,14
Clean your room,17
Go to the gym,23
Plan a trip,19
Take a shower,4
Get out of bed,18
Meet with manager,14
Complete computer science assignment,17
Buy groceries,19
Meal prep for the week,15
Write a y-page essay,17
Write a y-page essay,1
Do laundry,4
Take a shower,6
Study for exam,11
Call a friend,22
Cook dinner,24
Get out of bed,22
Do laundry,4
Go to the gym,1
Mow the lawn,23
Meet with manager,25
Call a friend,20
Clean your room,22
Pay bills,11
Walk the dog,18
Meet with manager,8
Pay bills,14
Go to the gym,3
Cook dinner,0
Get out of bed,6
Take out the trash,8
Walk the dog,9
Write a y-page essay,11
Pay bills,4
Attend a meeting,0
Get out of bed,17
Organize files,19
Call a friend,15
Get out of bed,19
Mow the lawn,12
Write a y-page essay,16
Plan a trip,23
Call a friend,2
Organize files,6
Take out the trash,13
Meet with manager,15
Meet with manager,5
Do laundry,13
Take a shower,7
Call a friend,0
Attend a meeting,5
Study for exam,2
Call a friend,14
Plan a trip,14
Clean your room,12
Meal prep for the week,4
Go to the gym,25
Write a y-page essay,8
Call a friend,21
Cook dinner,18
Complete computer science assignment,16
Plan a trip,10
Plan a trip,13
Buy groceries,7
Call a friend,15
Call a friend,7
Do laundry,11
Pay bills,4
Walk the dog,17
Study for exam,21
Attend a meeting,24
Pay bills,0
Plan a trip,0
Clean your room,24
Take a shower,5
Cook dinner,4
Go to the gym,18
Meet with manager,21
Buy groceries,8
Take a shower,6
Meet with manager,25
Meal prep for the week,5
Cook dinner,25
Mow the lawn,9
Mow the lawn,22
Complete computer science assignment,23
Buy groceries,13
Write a y-page essay,19
Complete computer science assignment,6
Go to the gym,3
Do laundry,7
Call a friend,0
Clean your room,4
Do laundry,9
Get out of bed,3
Take a shower,22
Attend a meeting,5
Clean your room,15
Take out the trash,9
Walk the dog,3
Cook dinner,0
Pay bills,19
Mow the lawn,1
Complete computer science assignment,1
Write a y-page essay,23
Attend a meeting,20
Call a friend,1
Do laundry,4
Get out of bed,3
Do laundry,8
Meal prep for the week,24
Plan a trip,8
Complete computer science assignment,12
Cook dinner,19
Cook dinner,24
Complete computer science assignment,15
Do laundry,15
Plan a trip,2
Study for exam,5
Plan a trip,18
Meal prep for the week,13
Take a shower,25
Clean your room,16
Take a shower,7
Clean your room,13
Attend a meeting,8
Go to the gym,22
Do laundry,1
Take out the trash,16
Clean your room,18
Call a friend,16
Buy groceries,9
Organize files,1
Meal prep for the week,17
Clean your room,12
Buy groceries,13
Cook dinner,24
Take out the trash,23
Do laundry,9
Walk the dog,21
Plan a trip,20
Pay bills,5
Mow the lawn,22
Organize files,7
Study for exam,7
Clean your room,2
Organize files,18
Meet with manager,14
Take a shower,21
Do laundry,2
Take out the trash,8
Walk the dog,11
Attend a meeting,9
Walk the dog,21
Cook dinner,24
Cook dinner,18
Get out of bed,20
Call a friend,14
Walk the dog,12
Write a y-page essay,3
Pay bills,24
Clean your room,20
Write a y-page essay,15
Clean your room,22
Get out of bed,20
Clean your room,17
Study for exam,13
Walk the dog,22
Get out of bed,10
Meal prep for the week,9
Get out of bed,8
Complete computer science assignment,1
Walk the dog,15
Pay bills,5
Meet with manager,2
Plan a trip,13
Go to the gym,5
Write a y-page essay,2
Study for exam,14
Plan a trip,13
Pay bills,7
Meal prep for the week,14
Plan a trip,9
Plan a trip,8
Cook dinner,18
Go to the gym,16
Meet with manager,10
Cook dinner,19
Walk the dog,4
Mow the lawn,1
Take a shower,25
Mow the lawn,22
Plan a trip,21
Complete computer science assignment,7
Attend a meeting,20
Attend a meeting,8
Mow the lawn,4
Plan a trip,20
Mow the lawn,4
Take out the trash,18
Attend a meeting,14
Walk the dog,21
Clean your room,16
Study for exam,6
Go to the gym,14
Go to the gym,15
Organize files,25
Take out the trash,21
Meet with manager,20
Mow the lawn,3
Organize files,17
Clean your room,5
Take a shower,25
Clean your room,7
Walk the dog,24
Go to the gym,14
Meal prep for the week,18
Write a y-page essay,22
Buy groceries,9
Write a y-page essay,20
Call a friend,21
Plan a trip,2
Buy groceries,19
Buy groceries,23
Go to the gym,18
Walk the dog,15
Walk the dog,15
Do laundry,22
Take a shower,22
Call a friend,24
Get out of bed,4
Buy groceries,12
Buy groceries,23
Get out of bed,13
Buy groceries,1
Attend a meeting,10
Study for exam,21
Meal prep for the week,12
Write a y-page essay,16
Attend a meeting,11
Plan a trip,22
Buy groceries,18
Get out of bed,22
Call a friend,20
Take a shower,10
Complete computer science assignment,25
Walk the dog,25
Pay bills,2
Plan a trip,20
Do laundry,24
Write a y-page essay,9
Study for exam,24
Do laundry,10
Get out of bed,13
Organize files,14
Cook dinner,8
Meal prep for the week,21
Buy groceries,2
Call a friend,22
Meal prep for the week,12
Study for exam,19
Buy groceries,19
Plan a trip,15
Take out the trash,6
Take a shower,9
Pay bills,0
Meet with manager,9
Take a shower,2
Cook dinner,2
Attend a meeting,22
Meal prep for the week,17
Meet with manager,4
Meet with manager,11
Take out the trash,10
Study for exam,18
Write a y-page essay,20
Pay bills,3
Meet with manager,25
Organize files,2
Complete computer science assignment,25
Complete computer science assignment,1
Do laundry,24
Mow the lawn,22
Attend a meeting,12
Clean your room,19
Complete computer science assignment,6
Complete computer science assignment,8
Call a friend,12
Plan a trip,1
Take a shower,21
Pay bills,20
Go to the gym,20
Take out the trash,17
Go to the gym,22
Mow the lawn,10
Take a shower,21
Clean your room,22
Plan a trip,2
Study for exam,8
Take out the trash,17
Take a shower,18
Meal prep for the week,8
Study for exam,0
Pay bills,11
Study for exam,25
Walk the dog,3
Pay bills,9
Take out the trash,14
Do laundry,22
Attend a meeting,20
Get out of bed,1
Take out the trash,13
Meal prep for the week,7
Attend a meeting,15
Call a friend,7
Buy groceries,14
Pay bills,8
Write a y-page essay,4
Take a shower,18
Pay bills,11
Organize files,21
Walk the dog,19
Write a y-page essay,4
Study for exam,18
Meet with manager,21
Call a friend,8
Meet with manager,3
Call a friend,17
Do laundry,22
Organize files,6
Plan a trip,23
Pay bills,4
Meet with manager,0
Meal prep for the week,0
Write a y-page essay,10
Cook dinner,15
Walk the dog,25
Attend a meeting,2
Clean your room,9
Do laundry,19
Take out the trash,19
Write a y-page essay,11
Do laundry,10
Study for exam,11
Complete computer science assignment,3
Meal prep for the week,16
Go to the gym,19
Take out the trash,20
Write a y-page essay,12
Study for exam,16
Complete computer science assignment,4
Do laundry,9
Study for exam,16
Buy groceries,11
Attend a meeting,16
Clean your room,0
Complete computer science assignment,19
Attend a meeting,7
Take a shower,19
Pay bills,13
Mow the lawn,2
Walk the dog,12
Meet with manager,24
Clean your room,8
Meal prep for the week,12
Complete computer science assignment,14
Buy groceries,15
Complete computer science assignment,21
Walk the dog,9
Write a y-page essay,22
Plan a trip,8
Complete computer science assignment,5
Take out the trash,19
Get out of bed,19
Call a friend,15
Meal prep for the week,18
Meet with manager,17
Pay bills,3
Do laundry,6
Plan a trip,13
Take out the trash,25
Call a friend,5
Meet with manager,4
Plan a trip,4
Buy groceries,13
Walk the dog,4
Study for exam,12
Organize files,19
Organize files,7
Mow the lawn,15
Pay bills,23
Do laundry,4
Clean your room,22
Cook dinner,22
Call a friend,14
Go to the gym,3
Take a shower,1
Take out the trash,3
Complete computer science assignment,11
Organize files,0
Take a shower,14
Take a shower,4
Meet with manager,15
Write a y-page essay,25
Plan a trip,4
Mow the lawn,21
Clean your room,22
Cook dinner,22
Plan a trip,19
Cook dinner,6
Call a friend,0
Organize files,2
Complete computer science assignment,19
Complete computer science assignment,22
Write a y-page essay,13
Cook dinner,16
Organize files,15
Plan a trip,19
Write a y-page essay,12
Complete computer science assignment,5
Write a y-page essay,1
Meal prep for the week,1
Study for exam,21
Get out of bed,18
Get out of bed,3
Organize files,5
Meet with manager,15
Cook dinner,8
Cook dinner,16
Go to the gym,25
Do laundry,15
Take out the trash,22
Plan a trip,14
Organize files,3
Walk the dog,11
Go to the gym,23
Take a shower,22
Cook dinner,0
Cook dinner,14
Meet with manager,10
Complete computer science assignment,21
Go to the gym,2
Take a shower,8
Do laundry,2
Pay bills,12
Walk the dog,11
Plan a trip,13
Mow the lawn,17
Take a shower,19
Complete computer science assignment,12
Complete computer science assignment,2
Take a shower,17
Complete computer science assignment,16
Clean your room,11
Meal prep for the week,6
Write a y-page essay,6
Call a friend,10
Cook dinner,22
Write a y-page essay,21
Clean your room,11
Take a shower,0
Organize files,19
Mow the lawn,22
Go to the gym,20
Clean your room,1
Walk the dog,25
Attend a meeting,23
Study for exam,0
Complete computer science assignment,1
Take a shower,9
Write a y-page essay,25
Buy groceries,9
Meet with manager,22
Get out of bed,8
Do laundry,18
Organize files,19
Mow the lawn,11
Cook dinner,7
Pay bills,7
Mow the lawn,6
Get out of bed,8
Do laundry,9
Do laundry,23
Walk the dog,13
Meal prep for the week,23
Buy groceries,0
Get out of bed,5
Meal prep for the week,17
Write a y-page essay,21
Pay bills,2
Walk the dog,4
Do laundry,15
Get out of bed,15
Call a friend,9
Take a shower,2
Do laundry,19
Pay bills,22
Go to the gym,24
Call a friend,6
Attend a meeting,3
Write a y-page essay,4
Complete computer science assignment,23
Organize files,0
Clean your room,6
Do laundry,6
Go to the gym,3
Walk the dog,12
Plan a trip,4
Attend a meeting,4
Go to the gym,8
Do laundry,16
Plan a trip,16
Pay bills,15
Pay bills,22
Meal prep for the week,0
Buy groceries,24
Meet with manager,20
Meet with manager,16
Get out of bed,11
Take a shower,23
Cook dinner,4
Cook dinner,21
Take a shower,6
Clean your room,2
Go to the gym,25
Organize files,3
Cook dinner,22
Take out the trash,4
Meet with manager,15
Study for exam,14
Call a friend,10
Mow the lawn,3
Walk the dog,6
Buy groceries,10
Meet with manager,1
Walk the dog,7
Cook dinner,4
Pay bills,21
Get out of bed,8
Walk the dog,23
Attend a meeting,2
Organize files,16
Meal prep for the week,6
Complete computer science assignment,17
Meet with manager,8
Pay bills,24
Clean your room,15
Cook dinner,10
Buy groceries,12
Call a friend,21
Complete computer science assignment,0
Study for exam,16
Call a friend,8
Walk the dog,16
Meal prep for the week,21
Walk the dog,22
Take a shower,15
Go to the gym,1
Plan a trip,6
Get out of bed,12
Cook dinner,25
Meet with manager,4
Plan a trip,10
Organize files,3
Take out the trash,6
Complete computer science assignment,8
Cook dinner,2
Take out the trash,12
Meal prep for the week,25
Walk the dog,5
Attend a meeting,4
Call a friend,18
Write a y-page essay,12
Call a friend,16
Mow the lawn,24
Call a friend,18
Study for exam,2
Take out the trash,15
Plan a trip,0
Plan a trip,19
Complete computer science assignment,24
Take a shower,7
Organize files,1
Buy groceries,24
Attend a meeting,7
Mow the lawn,19
Mow the lawn,10
Clean your room,15
Plan a trip,24
Meet with manager,25
Walk the dog,25
Buy groceries,19
Meal prep for the week,2
Study for exam,5
Take a shower,1
Pay bills,19
Complete computer science assignment,17
Plan a trip,11
Meet with manager,0
Organize files,19
Plan a trip,5
Pay bills,11
Plan a trip,25
Organize files,0
Clean your room,25
Complete computer science assignment,2
Meal prep for the week,3
Do laundry,9
Do laundry,25
Write a y-page essay,6
Plan a trip,22
Get out of bed,6
Mow the lawn,20
Walk the dog,9
Call a friend,9
Mow the lawn,0
Go to the gym,13
Attend a meeting,20
Write a y-page essay,0
Meal prep for the week,18
Complete computer science assignment,22
Plan a trip,22
Study for exam,20
Meal prep for the week,16
Complete computer science assignment,10
Mow the lawn,4
Pay bills,0
Cook dinner,1
Study for exam,22
Plan a trip,1
Take a shower,11
Meet with manager,13
Call a friend,23
Study for exam,2
Mow the lawn,25
Buy groceries,5
Clean your room,15
Buy groceries,22
Complete computer science assignment,8
Take a shower,12
Attend a meeting,22
Write a y-page essay,7
Clean your room,24
Walk the dog,11
Meal prep for the week,14
Call a friend,22
Attend a meeting,9
Attend a meeting,1
Organize files,24
Organize files,19
Pay bills,0
Write a y-page essay,5
Plan a trip,11
Pay bills,14
Clean your room,22
Meal prep for the week,22
Walk the dog,0
Take out the trash,20
Organize files,14
Mow the lawn,3
Attend a meeting,25
Attend a meeting,14
Call a friend,16
Call a friend,21
Pay bills,17
Plan a trip,2
Go to the gym,6
Organize files,19
Take out the trash,2
Meet with manager,16
Meal prep for the week,10
Complete computer science assignment,16
Mow the lawn,4
Meet with manager,6
Take a shower,20
Attend a meeting,12
Do laundry,18
Do laundry,7
Mow the lawn,14
Pay bills,8
Walk the dog,8
Walk the dog,6
Plan a trip,11
Walk the dog,22
Organize files,11
Get out of bed,0
Plan a trip,10
Clean your room,21
Take out the trash,10
Mow the lawn,14
Study for exam,3
Mow the lawn,1
Attend a meeting,14
Study for exam,7
Take out the trash,2
Mow the lawn,17
Meet with manager,22
Take out the trash,14
Attend a meeting,5
Write a y-page essay,9
Attend a meeting,25
Mow the lawn,3
Do laundry,23
Meal prep for the week,12
Get out of bed,3
Organize files,12
Get out of bed,21
Complete computer science assignment,18
Buy groceries,6
Call a friend,18
Attend a meeting,7
Complete computer science assignment,13
Complete computer science assignment,3
Clean your room,22
Cook dinner,22
Attend a meeting,4
Study for exam,16
Mow the lawn,22
Meal prep for the week,21
Meal prep for the week,7
Study for exam,10
Walk the dog,0
Get out of bed,14
Plan a trip,5
Take a shower,0
Call a friend,25
Clean your room,9
Do laundry,17
Take out the trash,0
Write a y-page essay,1
Take out the trash,10
Meet with manager,25
Write a y-page essay,21
Cook dinner,22
Call a friend,13
Cook dinner,5
Attend a meeting,2
Go to the gym,23
Pay bills,17
Plan a trip,25
Clean your room,21
Complete computer science assignment,4
Get out of bed,21
Organize files,1
Take out the trash,11
Pay bills,19
Do laundry,7
Study for exam,2
Take out the trash,2
Cook dinner,19
Plan a trip,21
Take a shower,16
Buy groceries,24
Take out the trash,18
Meal prep for the week,23
Clean your room,17
Organize files,15
Attend a meeting,17
Walk the dog,18
Meal prep for the week,4
Buy groceries,24
Take a shower,15
Pay bills,24
Take out the trash,16
Meet with manager,9
Write a y-page essay,19
Do laundry,14
Take a shower,4
Study for exam,2
Organize files,1
Study for exam,7
Mow the lawn,15
Pay bills,18
Mow the lawn,25
Study for exam,22
Complete computer science assignment,16
Pay bills,25
Attend a meeting,3
Organize files,14
Study for exam,2
Mow the lawn,3
Plan a trip,18
Complete computer science assignment,5
Meet with manager,23
Clean your room,1
Clean your room,14
Mow the lawn,21
Call a friend,7
Study for exam,6
Attend a meeting,0
Meet with manager,14
Attend a meeting,3
Get out of bed,0
Plan a trip,6
Write a y-page essay,17
Study for exam,1
Buy groceries,20
Write a y-page essay,17
Plan a trip,0
Walk the dog,9
Do laundry,17
Do laundry,6
Meal prep for the week,3
Plan a trip,14
Attend a meeting,18
Pay bills,19
Cook dinner,13
Plan a trip,3
Meal prep for the week,17
Pay bills,2
Take a shower,1
Take a shower,14
Take out the trash,13
Take out the trash,22
Clean your room,15
Get out of bed,2
Get out of bed,5
Go to the gym,25
Meal prep for the week,15
Plan a trip,3
Get out of bed,20
Complete computer science assignment,9
Cook dinner,15
Walk the dog,11
Write a y-page essay,22
Organize files,8
Write a y-page essay,0
Buy groceries,2
Buy groceries,24
Buy groceries,16
Pay bills,22
Meet with manager,15
Call a friend,18
Go to the gym,25
Clean your room,15
Clean your room,11
Attend a meeting,13
Meet with manager,10
Take a shower,23
Take a shower,17
Mow the lawn,11
Plan a trip,6
Buy groceries,24
Mow the lawn,20
Take a shower,5
Cook dinner,8
Plan a trip,18
Meet with manager,15
Take a shower,13
Pay bills,23
Meal prep for the week,19
Clean your room,1
Meet with manager,10
Plan a trip,11
Write a y-page essay,14
Take a shower,12
Complete computer science assignment,19
Take a shower,25
Do laundry,5
Cook dinner,7
Organize files,23
Pay bills,0
Call a friend,16
Mow the lawn,3
Mow the lawn,15
Take a shower,1
Take out the trash,1
Walk the dog,12
Complete computer science assignment,1
Organize files,21
Go to the gym,11
Take a shower,10
Plan a trip,21
Walk the dog,5
Attend a meeting,15
Plan a trip,6
Write a y-page essay,16
Meal prep for the week,12
Pay bills,7
Do laundry,17
Attend a meeting,18
Get out of bed,18
Study for exam,24
Meal prep for the week,3
Take out the trash,6
Organize files,16
Take out the trash,22
Attend a meeting,3
Meet with manager,19
Write a y-page essay,18
Cook dinner,8
Write a y-page essay,19
Pay bills,8
Meet with manager,19
Attend a meeting,3
Plan a trip,25
Get out of bed,9
Pay bills,9
Get out of bed,7
Pay bills,4
Complete computer science assignment,8
Plan a trip,16
Study for exam,11
Call a friend,15
Go to the gym,7
Plan a trip,9
Meal prep for the week,21
Take out the trash,24
Pay bills,2
Study for exam,17
Plan a trip,9
Go to the gym,25
Go to the gym,3
Study for exam,21
Go to the gym,25
Meal prep for the week,7
Meet with manager,4
Go to the gym,20
Plan a trip,6
Write a y-page essay,6
Go to the gym,21
Take out the trash,22
Buy groceries,14
Mow the lawn,15
Call a friend,17
Meet with manager,21
Mow the lawn,18
Buy groceries,4
Study for exam,19
Pay bills,14
Complete computer science assignment,23
Walk the dog,22
Complete computer science assignment,2
Mow the lawn,16
Meet with manager,4
Cook dinner,7
Go to the gym,7
Take out the trash,2
Call a friend,10
Buy groceries,14
Take a shower,1
Plan a trip,20
Buy groceries,20
Meal prep for the week,3
Call a friend,15
Go to the gym,17
Buy groceries,2
Write a y-page essay,5
Do laundry,25
Pay bills,0
Pay bills,15
Walk the dog,12
Cook dinner,10
Call a friend,16
Get out of bed,7
Get out of bed,16
Take out the trash,4
Meal prep for the week,22
Pay bills,12
Plan a trip,18
Pay bills,19
Meal prep for the week,23
Go to the gym,19
Complete computer science assignment,1
Do laundry,0
Cook dinner,17
Take out the trash,23
Clean your room,19
Call a friend,15
Take out the trash,0
Study for exam,12
Organize files,25
Meal prep for the week,15
Pay bills,0
Take out the trash,11
Take a shower,13
Clean your room,11
Complete computer science assignment,1
Cook dinner,17
Pay bills,3
Meal prep for the week,12
Organize files,19
Take out the trash,23
Complete computer science assignment,6
Pay bills,23
Walk the dog,25
Meal prep for the week,18
Meet with manager,7
Complete computer science assignment,18
Organize files,23
Call a friend,22
Attend a meeting,6
Write a y-page essay,25
Clean your room,11
Take a shower,16
Meal prep for the week,4
Organize files,9
Attend a meeting,15
Get out of bed,10
Pay bills,8
Take a shower,21
Plan a trip,1
Call a friend,23
Go to the gym,3
Take out the trash,3
Clean your room,25
Get out of bed,23
Do laundry,3
Meet with manager,24
Take out the trash,13
Complete computer science assignment,23
Plan a trip,8
Call a friend,8
Get out of bed,21
Call a friend,10
Attend a meeting,24
Buy groceries,23
Pay bills,2
Buy groceries,10
Do laundry,13
Get out of bed,24
Meet with manager,22
Attend a meeting,25
Cook dinner,22
Do laundry,4
Do laundry,22
Meet with manager,20
Attend a meeting,24
Clean your room,20
Buy groceries,25
Write a y-page essay,8
Meet with manager,8
Call a friend,17
Write a y-page essay,2
Meet with manager,16
Complete computer science assignment,6
Write a y-page essay,1
Pay bills,4
Go to the gym,8
Write a y-page essay,23
Meet with manager,19
Study for exam,2
Attend a meeting,2
Go to the gym,15
Organize files,14
Take out the trash,23
Walk the dog,10
Call a friend,24
Attend a meeting,16
Buy groceries,23
Organize files,2
Pay bills,17
Walk the dog,8
Organize files,22
Go to the gym,14
Study for exam,17
Go to the gym,2
Meet with manager,12
Complete computer science assignment,4
Attend a meeting,10
Complete computer science assignment,23
Pay bills,24
Do laundry,5
Plan a trip,4
Clean your room,18
Plan a trip,17
Study for exam,4
Organize files,1
Study for exam,17
Walk the dog,17
Plan a trip,12
Attend a meeting,9
Plan a trip,15
Call a friend,22
Buy groceries,25
Pay bills,6
Write a y-page essay,25
Pay bills,2
Get out of bed,16
Plan a trip,10
Plan a trip,22
Study for exam,23
Mow the lawn,14
Call a friend,5
Clean your room,20
Call a friend,21
Organize files,5
Study for exam,15
Take out the trash,10
Organize files,25
Get out of bed,1
Meet with manager,15
Cook dinner,23
Take a shower,5
Organize files,9
Cook dinner,3
Walk the dog,2
Attend a meeting,12
Take a shower,16
Meal prep for the week,10
Go to the gym,0
Organize files,11
Meet with manager,25
Go to the gym,8
Organize files,5
Meet with manager,20
Attend a meeting,14
Take out the trash,0
Clean your room,2
Study for exam,25
Meet with manager,4
Cook dinner,2
Attend a meeting,25
Meet with manager,14
Take a shower,25
Meet with manager,1
Complete computer science assignment,9
Walk the dog,2
Study for exam,21
Complete computer science assignment,1
Cook dinner,11
Meal prep for the week,4
Study for exam,25
Study for exam,0
Write a y-page essay,7
Complete computer science assignment,13
Write a y-page essay,16
Attend a meeting,3
Walk the dog,11
Pay bills,2
Clean your room,2
Do laundry,21
Call a friend,22
Write a y-page essay,23
Organize files,23
Buy groceries,3
Organize files,17
Call a friend,23
Plan a trip,16
Take out the trash,7
Attend a meeting,10
Walk the dog,15
Pay bills,21
Organize files,3
Meal prep for the week,11
Write a y-page essay,5
Meet with manager,21
Call a friend,6
Get out of bed,2
Take a shower,19
Attend a meeting,11
Call a friend,15
Study for exam,9
Meet with manager,8
Mow the lawn,19
Plan a trip,8
Walk the dog,2
Go to the gym,4
Pay bills,17
Do laundry,21
Get out of bed,0
Pay bills,7
Study for exam,4
Mow the lawn,22
Get out of bed,2
Walk the dog,9
Complete computer science assignment,17
Meet with manager,2
Write a y-page essay,19
Meet with manager,23
Take a shower,15
Buy groceries,12
Do laundry,12
Go to the gym,1
Pay bills,2
Pay bills,5
Meet with manager,13
Walk the dog,4
Cook dinner,24
Write a y-page essay,12
Meal prep for the week,23
Call a friend,12
Meet with manager,13
Buy groceries,10
Buy groceries,20
Pay bills,25
Complete computer science assignment,20
Study for exam,10
Walk the dog,22
Meet with manager,25
Meet with manager,7
Mow the lawn,7
Clean your room,2
Call a friend,4
Meet with manager,9
Pay bills,7
Attend a meeting,8
Take a shower,8
Get out of bed,1
Call a friend,16
Buy groceries,15
Meet with manager,6
Meet with manager,7
Plan a trip,0
Pay bills,12
Attend a meeting,20
Mow the lawn,12
Meal prep for the week,0
Buy groceries,0
Pay bills,13
Cook dinner,3
Take out the trash,12
Get out of bed,22
Take out the trash,2
Take out the trash,24
Cook dinner,0
Clean your room,12
Call a friend,20
Mow the lawn,4
Clean your room,3
Meet with manager,24
Pay bills,11
Meet with manager,3
Take a shower,2
Plan a trip,10
Organize files,19
Write a y-page essay,24
Pay bills,1
Get out of bed,5
Write a y-page essay,25
Cook dinner,4
Get out of bed,18
Meet with manager,8
Walk the dog,19
Study for exam,0
Take a shower,3
Cook dinner,16
Do laundry,23
Go to the gym,9
Organize files,18
Clean your room,10
Get out of bed,4
Study for exam,0
Pay bills,1
Take out the trash,20
Do laundry,7
Cook dinner,11
Do laundry,4
Meet with manager,18
Call a friend,4
Meet with manager,11
Take out the trash,16
Get out of bed,8
Walk the dog,22
Meal prep for the week,7
Study for exam,22
Meal prep for the week,10
Cook dinner,21
Go to the gym,10
Write a y-page essay,1
Walk the dog,10
Organize files,2
Meal prep for the week,16
Call a friend,8
Get out of bed,16
Plan a trip,12
Organize files,18
Study for exam,15
Pay bills,3
Go to the gym,20
Cook dinner,15
Attend a meeting,5
Write a y-page essay,2
Attend a meeting,23
Pay bills,5
Take a shower,2
Do laundry,5
Write a y-page essay,4
Call a friend,9
Plan a trip,24
Buy groceries,8
Meal prep for the week,22
Study for exam,19
Write a y-page essay,4
Mow the lawn,20
Cook dinner,6
Meet with manager,16
Take a shower,25
Walk the dog,20
Buy groceries,21
Get out of bed,16
Do laundry,16
Do laundry,9
Organize files,6
Attend a meeting,9
Meal prep for the week,24
Mow the lawn,5
Do laundry,1
Walk the dog,17
Study for exam,20
Plan a trip,17
Organize files,2
Study for exam,22
Call a friend,15
Go to the gym,18
Get out of bed,23
Take out the trash,12
Take out the trash,3
Take out the trash,8
Organize files,16
Cook dinner,8
Meet with manager,6
Mow the lawn,18
Take a shower,0
Complete computer science assignment,11
Write a y-page essay,10
Walk the dog,21
Buy groceries,6
Walk the dog,4
Mow the lawn,5
Take a shower,12
Attend a meeting,15
Do laundry,16
Organize files,2
Get out of bed,19
Go to the gym,13
Attend a meeting,3
Write a y-page essay,2
Pay bills,15
Go to the gym,20
Get out of bed,20
Clean your room,2
Take out the trash,23
Pay bills,22
Attend a meeting,1
Attend a meeting,2
Do laundry,19
Study for exam,4
Organize files,11
Get out of bed,17
Study for exam,0
Walk the dog,11
Take out the trash,15
Go to the gym,3
Attend a meeting,2
Organize files,24
Write a y-page essay,11
Get out of bed,24
Organize files,16
Take a shower,6
Pay bills,16
Attend a meeting,24
Buy groceries,20
Call a friend,24
Take a shower,7
Take out the trash,11
Study for exam,0
Walk the dog,1
Mow the lawn,4
Call a friend,17
Write a y-page essay,5
Go to the gym,19
Meet with manager,24
Attend a meeting,0
Mow the lawn,3
Take a shower,18
Attend a meeting,14
Meal prep for the week,0
Write a y-page essay,13
Call a friend,8
Meal prep for the week,11
Study for exam,0
Clean your room,1
Do laundry,13
Pay bills,25
Complete computer science assignment,19
Get out of bed,16
Go to the gym,14
Mow the lawn,0
Clean your room,19
Walk the dog,5
Buy groceries,18
Cook dinner,24
Study for exam,14
Take out the trash,21
Cook dinner,22
Study for exam,12
Plan a trip,6
Meal prep for the week,18
Buy groceries,17
Complete computer science assignment,5
Walk the dog,12
Call a friend,25
Study for exam,22
Do laundry,15
Complete computer science assignment,22
Buy groceries,22
Meet with manager,18
Cook dinner,7
Take a shower,14
Attend a meeting,5
Take out the trash,6
Walk the dog,23
Meal prep for the week,0
Write a y-page essay,13
Mow the lawn,21
Go to the gym,16
Mow the lawn,2
Organize files,13
Do laundry,9
Complete computer science assignment,10
Go to the gym,15
Mow the lawn,5
Walk the dog,17
Attend a meeting,0
Cook dinner,13
Cook dinner,20
Call a friend,25
Get out of bed,14
Get out of bed,8
Write a y-page essay,7
Do laundry,23
Mow the lawn,7
Mow the lawn,10
Complete computer science assignment,25
Take out the trash,5
Buy groceries,7
Take out the trash,5
Write a y-page essay,3
Call a friend,4
Call a friend,15
Go to the gym,4
Plan a trip,9
Do laundry,5
Attend a meeting,0
Plan a trip,10
Walk the dog,16
Plan a trip,12
Take a shower,21
Study for exam,20
Walk the dog,23
Complete computer science assignment,8
Mow the lawn,18
Attend a meeting,21
Do laundry,25
Call a friend,20
Buy groceries,17
Study for exam,21
Do laundry,14
Complete computer science assignment,2
Take a shower,22
Meet with manager,6
Take a shower,0
Study for exam,17
Buy groceries,11
Meet with manager,10
Mow the lawn,13
Take out the trash,3
Buy groceries,20
Meet with manager,7
Cook dinner,23
Walk the dog,14
Pay bills,0
Call a friend,23
Pay bills,19
Do laundry,0
Meal prep for the week,3
Meet with manager,13
Get out of bed,1
Buy groceries,22
Take a shower,17
Write a y-page essay,23
Plan a trip,16
Buy groceries,0
Write a y-page essay,20
Take out the trash,8
Take out the trash,21
Plan a trip,5
Complete computer science assignment,8
Meal prep for the week,15
Complete computer science assignment,5
Mow the lawn,11
Pay bills,2
Do laundry,12
Study for exam,23
Call a friend,9
Complete computer science assignment,12
Call a friend,9
Organize files,5
Complete computer science assignment,7
Meet with manager,15
Meet with manager,20
Write a y-page essay,17
Attend a meeting,7
Write a y-page essay,25
Meal prep for the week,12
Attend a meeting,12
Get out of bed,9
Buy groceries,16
Walk the dog,25
Mow the lawn,20
Get out of bed,24
Clean your room,13
Buy groceries,13
Call a friend,11
Buy groceries,19
Write a y-page essay,24
Walk the dog,13
Attend a meeting,25
Do laundry,4
Plan a trip,21
Do laundry,20
Get out of bed,20
Cook dinner,24
Take out the trash,11
Meet with manager,4
Plan a trip,18
Clean your room,0
Take out the trash,20
Study for exam,2
Buy groceries,12
Pay bills,24
Clean your room,22
Go to the gym,7
Walk the dog,13
Get out of bed,23
Complete computer science assignment,14
Write a y-page essay,20
Plan a trip,9
Clean your room,10
Meet with manager,17
Organize files,10
Go to the gym,24
Meal prep for the week,3
Complete computer science assignment,20
Call a friend,24
Buy groceries,17
Take out the trash,16
Get out of bed,24
Write a y-page essay,1
Clean your room,6
Call a friend,14
Study for exam,20
Plan a trip,13
Get out of bed,2
Mow the lawn,11
Buy groceries,19
Cook dinner,7
Call a friend,11
Take a shower,22
Complete computer science assignment,0
Meal prep for the week,19
Meet with manager,16
Do laundry,2
Take a shower,16
Study for exam,2
Plan a trip,16
Take a shower,17
Complete computer science assignment,12
Take a shower,13
Organize files,19
Take a shower,6
Meal prep for the week,12
Walk the dog,2
Meal prep for the week,13
Do laundry,25
Go to the gym,19
Plan a trip,2
Call a friend,23
Call a friend,15
Call a friend,14
Take out the trash,10
Meet with manager,0
Plan a trip,12
Pay bills,16
Pay bills,25
Write a y-page essay,5
Complete computer science assignment,16
Pay bills,0
Cook dinner,20
Meal prep for the week,16
Organize files,0
Mow the lawn,4
Go to the gym,5
Do laundry,25
Meal prep for the week,9
Complete computer science assignment,19
Organize files,0
Call a friend,11
Go to the gym,21
Do laundry,6
Clean your room,16
Buy groceries,17
Complete computer science assignment,17
Call a friend,1
Call a friend,4
Mow the lawn,16
Do laundry,25
Walk the dog,4
Pay bills,21
Write a y-page essay,24
Buy groceries,8
Complete computer science assignment,2
Mow the lawn,13
Walk the dog,2
Cook dinner,5
Get out of bed,14
Complete computer science assignment,18
Take a shower,6
Meal prep for the week,20
Call a friend,25
Clean your room,16
Go to the gym,3
Complete computer science assignment,19
Complete computer science assignment,5
Meal prep for the week,16
Go to the gym,15
Get out of bed,13
Go to the gym,16
Take a shower,6
Study for exam,23
Organize files,22
Call a friend,6
Cook dinner,10
Attend a meeting,14
Plan a trip,1
Mow the lawn,19
Go to the gym,2
Take out the trash,6
Write a y-page essay,22
Attend a meeting,12
Take out the trash,23
Get out of bed,25
Attend a meeting,12
Get out of bed,17
Pay bills,10
Call a friend,18
Cook dinner,23
Study for exam,23
Pay bills,16
Take a shower,15
Take out the trash,15
Organize files,12
Walk the dog,2
Call a friend,4
Write a y-page essay,11
Get out of bed,5
Pay bills,4
Write a y-page essay,0
Take out the trash,8
Cook dinner,4
Complete computer science assignment,4
Write a y-page essay,22
Plan a trip,2
Pay bills,6
Mow the lawn,0
Attend a meeting,21
Go to the gym,8
Take a shower,11
Study for exam,19
Study for exam,24
Write a y-page essay,2
Walk the dog,22
Buy groceries,15
Organize files,8
Pay bills,6
Study for exam,25
Call a friend,3
Meal prep for the week,5
Complete computer science assignment,18
Get out of bed,18
Take out the trash,5
Attend a meeting,12
Mow the lawn,10
Attend a meeting,0
Study for exam,18
Meet with manager,16
Clean your room,7
Take a shower,13
Organize files,9
Cook dinner,0
Complete computer science assignment,14
Take a shower,1
Take out the trash,7
Call a friend,0
Buy groceries,1
Call a friend,24
Organize files,19
Plan a trip,2
Take a shower,15
Attend a meeting,21
Call a friend,7
Take a shower,2
Meal prep for the week,18
Attend a meeting,10
Meet with manager,20
Mow the lawn,11
Plan a trip,23
Mow the lawn,9
Meet with manager,2
Walk the dog,0
Meal prep for the week,1
Take out the trash,24
Take a shower,12
Clean your room,2
Organize files,12
Study for exam,24
Do laundry,24
Do laundry,13
Do laundry,6
Meet with manager,15
Take out the trash,24
Take out the trash,9
Cook dinner,20
Walk the dog,9
Go to the gym,0
Take out the trash,3
Get out of bed,11
Call a friend,19
Organize files,20
Cook dinner,18
Plan a trip,13
Get out of bed,24
Take a shower,16
Walk the dog,4
Organize files,4
Walk the dog,12
Buy groceries,4
Do laundry,1
Go to the gym,6
Do laundry,25
Take out the trash,4
Attend a meeting,18
Meet with manager,6
Pay bills,24
Get out of bed,9
Get out of bed,8
Get out of bed,16
Study for exam,9
Get out of bed,21
Plan a trip,17
Write a y-page essay,10
Meet with manager,11
Meet with manager,10
Take out the trash,9
Go to the gym,13
Complete computer science assignment,2
Organize files,13
Attend a meeting,7
Mow the lawn,10
Meet with manager,4
Take out the trash,19
Cook dinner,15
Buy groceries,8
Go to the gym,21
Take a shower,7
Write a y-page essay,8
Organize files,5
Meet with manager,7
Go to the gym,6
Pay bills,12
Complete computer science assignment,17
Take out the trash,6
Go to the gym,19
Take out the trash,13
Meal prep for the week,1
Meal prep for the week,15
Clean your room,20
Complete computer science assignment,22
Clean your room,6
Pay bills,24
Get out of bed,7
Walk the dog,11
Organize files,13
Buy groceries,2
Clean your room,9
Walk the dog,5
Buy groceries,25
Organize files,13
Cook dinner,10
Clean your room,8
Mow the lawn,7
Do laundry,10
Attend a meeting,21
Complete computer science assignment,19
Cook dinner,14
Complete computer science assignment,8
Attend a meeting,16
Plan a trip,8
Complete computer science assignment,21
Meet with manager,16
Take a shower,6
Call a friend,12
Plan a trip,8
Buy groceries,19
Pay bills,22
Attend a meeting,11
Take out the trash,19
Get out of bed,3
Walk the dog,4
Organize files,23
Meet with manager,1
Plan a trip,2
Write a y-page essay,19
Complete computer science assignment,19
Take a shower,16
Attend a meeting,17
Take a shower,8
Study for exam,17
Take out the trash,3
Go to the gym,20
Do laundry,15
Write a y-page essay,9
Study for exam,19
Do laundry,24
Walk the dog,19
Meet with manager,12
Do laundry,25
Plan a trip,25
Meet with manager,0
Buy groceries,8
Take out the trash,10
Walk the dog,6
Go to the gym,10
Get out of bed,14
Complete computer science assignment,22
Go to the gym,7
Take out the trash,8
Write a y-page essay,24
Clean your room,12
Clean your room,16
Buy groceries,9
Walk the dog,13
Take out the trash,20
Pay bills,5
Meal prep for the week,22
Go to the gym,11
Meet with manager,18
Plan a trip,25
Organize files,11
Walk the dog,10
Walk the dog,21
Buy groceries,19
Buy groceries,6
Get out of bed,6
Attend a meeting,14
Attend a meeting,17
Mow the lawn,18
Take out the trash,16
Call a friend,15
Clean your room,12
Buy groceries,3
Cook dinner,25
Complete computer science assignment,0
Buy groceries,10
Go to the gym,7
Take a shower,9
Walk the dog,6
Do laundry,21
Call a friend,10
Attend a meeting,20
Clean your room,0
Meet with manager,12
Cook dinner,5
Get out of bed,10
Call a friend,16
Cook dinner,9
Complete computer science assignment,22
Meet with manager,6
Take a shower,21
Go to the gym,1
Buy groceries,15
Study for exam,23
Take a shower,23
Clean your room,7
Buy groceries,4
Meet with manager,25
Take a shower,5
Take out the trash,9
Do laundry,24
Take out the trash,17
Take a shower,5
Get out of bed,14
Plan a trip,8
Write a y-page essay,15
Meet with manager,2
Attend a meeting,17
Mow the lawn,7
Call a friend,24
Take out the trash,9
Complete computer science assignment,19
Attend a meeting,13
Write a y-page essay,20
Go to the gym,22
Get out of bed,2
Mow the lawn,5
Walk the dog,23
Write a y-page essay,5
Clean your room,7
Take a shower,22
Attend a meeting,23
Organize files,8
Write a y-page essay,11
Do laundry,1
Cook dinner,14
Meal prep for the week,4
Attend a meeting,2
Attend a meeting,21
Take out the trash,24
Meal prep for the week,24
Organize files,3
Get out of bed,5
Plan a trip,20
Meal prep for the week,22
Go to the gym,11
Clean your room,11
Take a shower,16
Take a shower,14
Study for exam,2
Take out the trash,2
Pay bills,21
Organize files,8
Cook dinner,18
Take a shower,19
Clean your room,13
Plan a trip,7
Call a friend,2
Plan a trip,21
Call a friend,0
Take a shower,11
Study for exam,15
Cook dinner,1
Clean your room,13
Organize files,9
Attend a meeting,6
Do laundry,23
Walk the dog,19
Go to the gym,15
Take out the trash,25
Take out the trash,18
Meet with manager,13
Meet with manager,13
Walk the dog,15
Plan a trip,5
Take out the trash,4
Organize files,9
Get out of bed,24
Cook dinner,15
Clean your room,4
Take a shower,1
Mow the lawn,22
Go to the gym,18
Meet with manager,24
Call a friend,3
Do laundry,19
Write a y-page essay,5
Meet with manager,1
Plan a trip,10
Complete computer science assignment,17
Organize files,5
Study for exam,1
Walk the dog,8
Write a y-page essay,8
Take a shower,18
Organize files,13
Write a y-page essay,11
Cook dinner,15
Meet with manager,14
Write a y-page essay,7
Meal prep for the week,3
Pay bills,20
Take out the trash,25
Study for exam,9
Complete computer science assignment,1
Go to the gym,16
Attend a meeting,0
Walk the dog,1
Take out the trash,10
Take out the trash,5
Clean your room,9
Get out of bed,18
Get out of bed,5
Take out the trash,3
Meal prep for the week,18
Study for exam,23
Meal prep for the week,20
Plan a trip,23
Walk the dog,15
Pay bills,24
Cook dinner,0
Mow the lawn,8
Pay bills,19
Pay bills,17
Buy groceries,20
Meal prep for the week,14
Meet with manager,22
Buy groceries,2
Walk the dog,24
Clean your room,9
Attend a meeting,25
Attend a meeting,7
Buy groceries,20
Cook dinner,19
Attend a meeting,22
Take a shower,6
Plan a trip,19
Do laundry,0
Meal prep for the week,6
Buy groceries,23
Plan a trip,0
Go to the gym,8
Attend a meeting,19
Clean your room,11
Mow the lawn,10
Do laundry,15
Meal prep for the week,16
Study for exam,1
Complete computer science assignment,15
Cook dinner,21
Attend a meeting,0
Pay bills,15
Meet with manager,0
Attend a meeting,20
Attend a meeting,6
Attend a meeting,24
Write a y-page essay,15
Get out of bed,18
Complete computer science assignment,15
Go to the gym,11
Call a friend,9
Take a shower,7
Cook dinner,16
Clean your room,16
Go to the gym,5
Meet with manager,8
Go to the gym,15
Meal prep for the week,1
Plan a trip,18
Mow the lawn,0
Study for exam,8
Pay bills,9
Write a y-page essay,12
Clean your room,8
Meal prep for the week,19
Call a friend,22
Meet with manager,20
Plan a trip,1
Study for exam,10
Get out of bed,16
Cook dinner,10
Plan a trip,13
Take out the trash,6
Go to the gym,7
Attend a meeting,2
Meet with manager,25
Buy groceries,22
Get out of bed,7
Organize files,14
Walk the dog,12
Pay bills,11
Study for exam,22
Clean your room,3
Go to the gym,5
Plan a trip,2
Take a shower,6
Attend a meeting,21
Do laundry,9
Write a y-page essay,23
Do laundry,2
Do laundry,14
Walk the dog,16
Meal prep for the week,11
Call a friend,1
Get out of bed,15
Take a shower,19
Complete computer science assignment,25
Meet with manager,0
Take a shower,3
Meet with manager,4
Write a y-page essay,20
Clean your room,25
Get out of bed,19
Call a friend,7
Complete computer science assignment,7
Plan a trip,11
Call a friend,0
Call a friend,8
Go to the gym,1
Take out the trash,18
Buy groceries,20
Write a y-page essay,4
Pay bills,15
Write a y-page essay,9
Meal prep for the week,12
Buy groceries,15
Call a friend,13
Take a shower,1
Meet with manager,14
Buy groceries,18
Do laundry,5
Walk the dog,9
Cook dinner,17
Write a y-page essay,19
Get out of bed,17
Study for exam,3
Mow the lawn,7
Do laundry,24
Take a shower,1
Clean your room,13
Call a friend,16
Call a friend,22
Do laundry,3
Clean your room,8
Take out the trash,7
Take out the trash,23
Pay bills,11
Cook dinner,6
Walk the dog,14
Get out of bed,5
Walk the dog,14
Mow the lawn,22
Organize files,16
Attend a meeting,7
Clean your room,6
Walk the dog,21
Organize files,20
Study for exam,18
Meet with manager,7
Get out of bed,2
Write a y-page essay,15
Cook dinner,13
Meet with manager,15
Meal prep for the week,16
Clean your room,20
Do laundry,6
Get out of bed,3
Attend a meeting,1
Take out the trash,2
Mow the lawn,20
Get out of bed,15
Pay bills,14
Complete computer science assignment,21
Call a friend,3
Complete computer science assignment,17
Walk the dog,15
Write a y-page essay,6
Attend a meeting,19
Clean your room,25
Call a friend,17
Write a y-page essay,3
Meal prep for the week,25
Buy groceries,17
Study for exam,23
Attend a meeting,5
Do laundry,23
Mow the lawn,9
Take a shower,20
Study for exam,6
Study for exam,25
Complete computer science assignment,8
Meal prep for the week,5
Study for exam,17
Go to the gym,11
Meet with manager,1
Study for exam,16
Clean your room,20
Plan a trip,22
Meet with manager,6
Attend a meeting,17
Meet with manager,24
Go to the gym,18
Walk the dog,14
Plan a trip,10
Mow the lawn,23
Plan a trip,15
Complete computer science assignment,18
Cook dinner,6
Plan a trip,1
Plan a trip,13
Pay bills,1
Write a y-page essay,22
Organize files,7
Walk the dog,0
Complete computer science assignment,21
Plan a trip,6
Study for exam,23
Take a shower,19
Do laundry,16
Pay bills,8
Mow the lawn,1
Mow the lawn,9
Take out the trash,1
Call a friend,7
Do laundry,19
Take a shower,3
Meal prep for the week,11
Study for exam,13
Organize files,0
Organize files,15
Walk the dog,6
Buy groceries,9
Walk the dog,6
Walk the dog,15
Clean your room,11
Attend a meeting,5
Meal prep for the week,14
Meal prep for the week,22
Clean your room,15
Plan a trip,8
Get out of bed,17
Buy groceries,3
Cook dinner,0
Attend a meeting,25
Mow the lawn,6
Mow the lawn,19
Get out of bed,3
Buy groceries,1
Clean your room,4
Take a shower,25
Mow the lawn,22
Plan a trip,24
Clean your room,23
Write a y-page essay,2
Walk the dog,25
Meal prep for the week,12
Organize files,10
Mow the lawn,17
Walk the dog,17
Get out of bed,22
Call a friend,4
Do laundry,24
Pay bills,6
Take a shower,23
Mow the lawn,5
Study for exam,0
Take out the trash,0
Attend a meeting,23
Plan a trip,2
Meal prep for the week,10
Study for exam,12
Attend a meeting,21
Cook dinner,2
Attend a meeting,17
Attend a meeting,16
Take out the trash,19
Go to the gym,7
Take out the trash,2
Meal prep for the week,18
Go to the gym,24
Take a shower,2
Go to the gym,0
Go to the gym,6
Study for exam,0
Meet with manager,3
Get out of bed,7
Buy groceries,1
Walk the dog,11
Walk the dog,13
Attend a meeting,18
Pay bills,18
Take out the trash,2
Meal prep for the week,6
Study for exam,25
Call a friend,1
Study for exam,8
Call a friend,4
Clean your room,8
Plan a trip,14
Meet with manager,3
Study for exam,7
Clean your room,23
Mow the lawn,13
Attend a meeting,11
Go to the gym,12
Get out of bed,24
Write a y-page essay,22
Study for exam,9
Mow the lawn,23
Write a y-page essay,23
Write a y-page essay,22
Organize files,3
Get out of bed,7
Attend a meeting,17
Get out of bed,16
Call a friend,4
Walk the dog,0
Pay bills,19
Clean your room,20
Go to the gym,12
Organize files,24
Buy groceries,18
Organize files,14
Call a friend,7
Pay bills,13
Get out of bed,19
Meal prep for the week,10
Walk the dog,13
Meet with manager,7
Do laundry,22
Pay bills,13
Take a shower,17
Meet with manager,21
Clean your room,20
Take out the trash,7
Write a y-page essay,10
Write a y-page essay,25
Take a shower,16
Take out the trash,12
Walk the dog,10
Walk the dog,9
Cook dinner,1
Meet with manager,16
Organize files,18
Do laundry,6
Meet with manager,20
Meal prep for the week,5
Buy groceries,18
Cook dinner,9
Mow the lawn,23
Organize files,16
Pay bills,1
Pay bills,2
Clean your room,4
Complete computer science assignment,14
Attend a meeting,17
Complete computer science assignment,6
Call a friend,0
Cook dinner,22
Study for exam,6
Take a shower,25
Take out the trash,24
Study for exam,12
Organize files,16
Take out the trash,13
Attend a meeting,16
Take a shower,9
Go to the gym,12
Study for exam,17
Walk the dog,7
Meet with manager,4
Meet with manager,19
Complete computer science assignment,12
Clean your room,25
Plan a trip,20
Meet with manager,5
Meet with manager,4
Organize files,15
Cook dinner,25
Take out the trash,24
Study for exam,23
Get out of bed,12
Take out the trash,2
Clean your room,25
Pay bills,0
Write a y-page essay,1
Meal prep for the week,23
Meet with manager,21
Get out of bed,24
Organize files,4
Clean your room,25
Take out the trash,1
Clean your room,12
Attend a meeting,11
Do laundry,10
Pay bills,0
Take out the trash,24
Call a friend,24
Plan a trip,25
Complete computer science assignment,6
Get out of bed,5
Call a friend,14
Get out of bed,17
Get out of bed,13
Organize files,10
Take out the trash,8
Write a y-page essay,9
Plan a trip,20
Buy groceries,18
Mow the lawn,17
Write a y-page essay,23
Plan a trip,23
Cook dinner,19
Take a shower,6
Buy groceries,23
Get out of bed,1
Mow the lawn,2
Attend a meeting,13
Walk the dog,17
Take out the trash,6
Get out of bed,19
Take out the trash,9
Pay bills,11
Do laundry,16
Pay bills,18
Cook dinner,2
Call a friend,1
Call a friend,0
Meet with manager,24
Get out of bed,15
Complete computer science assignment,25
Meet with manager,23
Call a friend,7
Plan a trip,12
Pay bills,15
Write a y-page essay,5
Call a friend,14
Attend a meeting,23
Write a y-page essay,18
Write a y-page essay,19
Meet with manager,4
Call a friend,0
Attend a meeting,4
Cook dinner,7
Pay bills,1
Meal prep for the week,18
Call a friend,15
Attend a meeting,20
Cook dinner,15
Take a shower,5
Meet with manager,19
Organize files,6
Pay bills,2
Take out the trash,24
Buy groceries,0
Walk the dog,3
Go to the gym,13
Take a shower,13
Do laundry,4
Pay bills,5
Walk the dog,18
Walk the dog,15
Study for exam,22
Meal prep for the week,18
Study for exam,21
Organize files,25
Buy groceries,16
Complete computer science assignment,24
Complete computer science assignment,7
Do laundry,16
Study for exam,10
Go to the gym,13
Meal prep for the week,22
Buy groceries,7
Plan a trip,19
Pay bills,4
Write a y-page essay,12
Complete computer science assignment,18
Walk the dog,10
Go to the gym,4
Pay bills,3
Go to the gym,9
Do laundry,17
Clean your room,9
Plan a trip,12
Take a shower,15
Cook dinner,2
Go to the gym,14
Study for exam,5
Take out the trash,23
Do laundry,14
Meet with manager,19
Take out the trash,1
Take a shower,19
Take a shower,23
Get out of bed,11
Study for exam,20
Go to the gym,25
Mow the lawn,6
Organize files,18
Write a y-page essay,2
Mow the lawn,16
Go to the gym,14
Meet with manager,17
Call a friend,8
Attend a meeting,15
Clean your room,0
Take out the trash,1
Meal prep for the week,8
Meet with manager,0
Pay bills,4
Pay bills,9
Pay bills,25
Organize files,22
Mow the lawn,17
Walk the dog,8
Complete computer science assignment,12
Meet with manager,9
Study for exam,13
Take out the trash,11
Cook dinner,15
Organize files,1
Cook dinner,5
Take out the trash,9
Get out of bed,5
Take a shower,3
Get out of bed,6
Clean your room,9
Pay bills,18
Go to the gym,25
Plan a trip,11
Walk the dog,5
Go to the gym,0
Take a shower,8
Meet with manager,7
Meet with manager,9
Pay bills,24
Meal prep for the week,16
Buy groceries,9
Clean your room,12
Cook dinner,24
Pay bills,20
Mow the lawn,23
Clean your room,10
Take out the trash,8
Meet with manager,21
Take out the trash,10
Write a y-page essay,13
Plan a trip,13
Attend a meeting,3
Walk the dog,15
Buy groceries,12
Do laundry,23
Attend a meeting,8
Buy groceries,23
Plan a trip,17
Organize files,21
Attend a meeting,7
Take out the trash,2
Go to the gym,17
Take a shower,2
Take out the trash,19
Call a friend,23
Take a shower,22
Take a shower,1
Take out the trash,11
Complete computer science assignment,19
Write a y-page essay,21
Complete computer science assignment,17
Organize files,2
Meal prep for the week,1
Call a friend,14
Meal prep for the week,19
Organize files,21
Meal prep for the week,11
Meal prep for the week,7
Plan a trip,8
Pay bills,9
Write a y-page essay,20
Go to the gym,7
Study for exam,10
Call a friend,7
Do laundry,24
Complete computer science assignment,20
Take out the trash,15
Mow the lawn,22
Meal prep for the week,9
Study for exam,8
Attend a meeting,8
Take a shower,0
Complete computer science assignment,25
Get out of bed,7
Go to the gym,24
Buy groceries,20
Study for exam,0
Pay bills,19
Buy groceries,13
Pay bills,22
Call a friend,19
Organize files,4
Do laundry,23
Get out of bed,15
Walk the dog,14
Plan a trip,1
Study for exam,13
Call a friend,8
Call a friend,5
Go to the gym,3
Meet with manager,16
Take out the trash,6
Call a friend,10
Pay bills,14
Get out of bed,5
Pay bills,10
Get out of bed,23
Meal prep for the week,9
Clean your room,4
Take a shower,17
Call a friend,10
Complete computer science assignment,19
Buy groceries,0
Cook dinner,5
Do laundry,17
Write a y-page essay,17
Call a friend,0
Attend a meeting,19
Take a shower,17
Mow the lawn,1
Complete computer science assignment,14
Pay bills,2
Do laundry,15
Do laundry,1
Cook dinner,15
Walk the dog,13
Mow the lawn,2
Go to the gym,21
Clean your room,24
Call a friend,16
Write a y-page essay,24
Organize files,1
Take out the trash,4
Study for exam,24
Meal prep for the week,22
Call a friend,18
Take a shower,15
Clean your room,19
Meal prep for the week,25
Complete computer science assignment,21
Go to the gym,20
Pay bills,16
Study for exam,15
Cook dinner,12
Mow the lawn,4
Write a y-page essay,19
Attend a meeting,18
Take a shower,8
Go to the gym,16
Complete computer science assignment,10
Study for exam,11
Walk the dog,7
Plan a trip,0
Mow the lawn,11
Clean your room,2
Organize files,20
Cook dinner,5
Cook dinner,20
Clean your room,10
Mow the lawn,16
Take a shower,24
Cook dinner,20
Pay bills,4
Plan a trip,12
Clean your room,8
Walk the dog,2
Walk the dog,17
Walk the dog,2
Clean your room,0
Do laundry,25
Take a shower,15
Cook dinner,15
Take out the trash,8
Plan a trip,2
Call a friend,9
Pay bills,23
Call a friend,9
Attend a meeting,10
Call a friend,23
Take a shower,21
Write a y-page essay,3
Go to the gym,25
Buy groceries,19
Get out of bed,21
Call a friend,25
Cook dinner,15
Clean your room,16
Study for exam,10
Write a y-page essay,0
Mow the lawn,14
Walk the dog,5
Get out of bed,16
Buy groceries,9
Cook dinner,10
Write a y-page essay,25
Write a y-page essay,18
Write a y-page essay,15
Meal prep for the week,0
Mow the lawn,16
Get out of bed,5
Take out the trash,7
Attend a meeting,10
Plan a trip,0
Take a shower,22
Get out of bed,9
Organize files,11
Plan a trip,15
Clean your room,14
Meet with manager,20
Study for exam,7
Buy groceries,15
Take out the trash,3
Meet with manager,9
Do laundry,7
Write a y-page essay,13
Plan a trip,25
Buy groceries,0
Mow the lawn,5
Get out of bed,19
Meet with manager,10
Complete computer science assignment,20
Walk the dog,17
Meal prep for the week,5
Clean your room,9
Call a friend,18
Attend a meeting,18
Go to the gym,18
Meet with manager,7
Organize files,24
Go to the gym,21
Meet with manager,21
Meal prep for the week,8
Attend a meeting,25
Take a shower,22
Plan a trip,7
Take a shower,10
Write a y-page essay,17
Meal prep for the week,7
Organize files,11
Cook dinner,15
Study for exam,7
Plan a trip,9
Take out the trash,1
Write a y-page essay,8
Get out of bed,8
Complete computer science assignment,4
Clean your room,12
Study for exam,19
Take a shower,25
Meal prep for the week,13
Organize files,24
Buy groceries,1
Cook dinner,24
Complete computer science assignment,10
Organize files,17
Take a shower,1
Complete computer science assignment,12
Take a shower,1
Take out the trash,21
Pay bills,16
Study for exam,15
Walk the dog,3
Meal prep for the week,0
Get out of bed,7
Complete computer science assignment,10
Get out of bed,15
Study for exam,3
Mow the lawn,14
Organize files,25
Take a shower,11
Plan a trip,24
Take out the trash,7
Attend a meeting,24
Buy groceries,17
Complete computer science assignment,7
Pay bills,5
Complete computer science assignment,3
Get out of bed,4
Call a friend,2
Do laundry,20
Call a friend,3
Buy groceries,19
Do laundry,23
Buy groceries,24
Take a shower,8
Study for exam,18
Organize files,14
Take out the trash,15
Pay bills,18
Do laundry,25
Go to the gym,15
Cook dinner,14
Call a friend,14
Attend a meeting,22
Write a y-page essay,3
Walk the dog,4
Take a shower,9
Complete computer science assignment,16
Attend a meeting,4
Buy groceries,21
Walk the dog,13
Attend a meeting,23
Plan a trip,11
Cook dinner,4
Get out of bed,9
Get out of bed,18
Mow the lawn,15
Go to the gym,18
Clean your room,8
Cook dinner,20
Buy groceries,21
Take a shower,16
Meet with manager,2
Attend a meeting,15
Cook dinner,2
Cook dinner,21
Clean your room,10
Buy groceries,4
Clean your room,9
Take out the trash,24
Meet with manager,11
Walk the dog,8
Meet with manager,20
Pay bills,9
Attend a meeting,21
Study for exam,13
Take out the trash,10
Organize files,13
Study for exam,4
Pay bills,3
Pay bills,9
Do laundry,4
Complete computer science assignment,16
Plan a trip,24
Take out the trash,23
